<?xml version="1.0" encoding="utf-8"?>
<ode><userPreferences><userPreference><key>theme</key><value>base</value></userPreference></userPreferences><odeResources><odeResource><key>odeVersionId</key><value>20251210191402RQWTNG</value></odeResource><odeResource><key>odeId</key><value>20251102180345PCZLPW</value></odeResource><odeResource><key>odeVersionName</key><value>0</value></odeResource><odeResource><key>isDownload</key><value>true</value></odeResource></odeResources><odeProperties><odeProperty><key>pp_title</key><value>HISTORIA DE LA TUBA</value></odeProperty><odeProperty><key>pp_lang</key><value>es</value></odeProperty><odeProperty><key>pp_author</key><value>Juan Francisco Bailón Fernández</value></odeProperty><odeProperty><key>license</key><value>creative commons: attribution - share alike 4.0</value></odeProperty><odeProperty><key>pp_description</key><value>Breve repaso a la historia de la tuba —desde la antigüedad (iniciando en los antecesores de los instrumentos de viento-metal actuales) hasta nuestra actualidad (tuba moderna)— pasando por el serpentón y el figle como antecesores directos de la tuba de hoy día.</value></odeProperty><odeProperty><key>exportSource</key><value>true</value></odeProperty><odeProperty><key>pp_addExeLink</key><value>true</value></odeProperty><odeProperty><key>pp_exportElp</key><value>false</value></odeProperty><odeProperty><key>pp_addPagination</key><value>false</value></odeProperty><odeProperty><key>pp_addSearchBox</key><value>false</value></odeProperty><odeProperty><key>pp_addAccessibilityToolbar</key><value>false</value></odeProperty><odeProperty><key>pp_extraHeadContent</key><value/></odeProperty><odeProperty><key>footer</key><value/></odeProperty></odeProperties><odeNavStructures><odeNavStructure><odePageId>20251210191402IBXWIT</odePageId><odeParentPageId/><pageName>HISTORIA DE LA TUBA</pageName><odeNavStructureOrder>1</odeNavStructureOrder><odeNavStructureProperties><odeNavStructureProperty><key>titleNode</key><value>HISTORIA DE LA TUBA</value></odeNavStructureProperty><odeNavStructureProperty><key>titleHtml</key><value/></odeNavStructureProperty><odeNavStructureProperty><key>editableInPage</key><value>false</value></odeNavStructureProperty><odeNavStructureProperty><key>titlePage</key><value>HISTORIA DE LA TUBA</value></odeNavStructureProperty><odeNavStructureProperty><key>visibility</key><value>true</value></odeNavStructureProperty><odeNavStructureProperty><key>description</key><value/></odeNavStructureProperty></odeNavStructureProperties><odePagStructures><odePagStructure><odePageId>20251210191402IBXWIT</odePageId><odeBlockId>20251210191402YWTMNL</odeBlockId><blockName>Introducción</blockName><iconName>icon_diary</iconName><odePagStructureOrder>1</odePagStructureOrder><odePagStructureProperties><odePagStructureProperty><key>visibility</key><value>true</value></odePagStructureProperty><odePagStructureProperty><key>teacherOnly</key><value>false</value></odePagStructureProperty><odePagStructureProperty><key>allowToggle</key><value>true</value></odePagStructureProperty><odePagStructureProperty><key>minimized</key><value>false</value></odePagStructureProperty><odePagStructureProperty><key>identifier</key><value/></odePagStructureProperty><odePagStructureProperty><key>cssClass</key><value/></odePagStructureProperty></odePagStructureProperties><odeComponents><odeComponent><odePageId>20251210191402IBXWIT</odePageId><odeBlockId>20251210191402YWTMNL</odeBlockId><odeIdeviceId>202511021936451550RF</odeIdeviceId><odeIdeviceTypeName>text</odeIdeviceTypeName><htmlView>&lt;div class="exe-text-template"&gt;&lt;div class="textIdeviceContent"&gt;
            &lt;div class="exe-text-activity"&gt;
                &lt;div&gt;&lt;p&gt;La tuba es uno de los últimos instrumentos añadidos a la plantilla orquestal. &lt;br&gt;&lt;br&gt;Es importante conocer su árbol genealógico para comprender el uso de los instrumentos que hacían el rol de bajo en las formaciones instrumentales antes de su aparición en 1835.&lt;/p&gt;&lt;p class="clearfix"&gt;&lt;/p&gt;&lt;/div&gt;
            &lt;/div&gt;&lt;/div&gt;&lt;/div&gt;</htmlView><jsonProperties>{"ideviceId":"202511021936451550RF","textInfoDurationInput":"","textInfoDurationTextInput":"Duración","textInfoParticipantsInput":"","textInfoParticipantsTextInput":"Agrupamiento","textTextarea":"&lt;p&gt;La tuba es uno de los últimos instrumentos añadidos a la plantilla orquestal. &lt;br /&gt;&lt;br /&gt;Es importante conocer su árbol genealógico para comprender el uso de los instrumentos que hacían el rol de bajo en las formaciones instrumentales antes de su aparición en 1835.&lt;/p&gt;","textFeedbackInput":"Mostrar retroalimentación","textFeedbackTextarea":""}</jsonProperties><odeComponentsOrder>1</odeComponentsOrder><odeComponentsProperties><odeComponentsProperty><key>visibility</key><value>true</value></odeComponentsProperty><odeComponentsProperty><key>teacherOnly</key><value>false</value></odeComponentsProperty><odeComponentsProperty><key>identifier</key><value/></odeComponentsProperty><odeComponentsProperty><key>cssClass</key><value/></odeComponentsProperty></odeComponentsProperties></odeComponent></odeComponents></odePagStructure><odePagStructure><odePageId>20251210191402IBXWIT</odePageId><odeBlockId>20251210191402XCBZMH</odeBlockId><blockName>Galería de imágenes</blockName><iconName>icon_info</iconName><odePagStructureOrder>2</odePagStructureOrder><odePagStructureProperties><odePagStructureProperty><key>visibility</key><value>true</value></odePagStructureProperty><odePagStructureProperty><key>teacherOnly</key><value>false</value></odePagStructureProperty><odePagStructureProperty><key>allowToggle</key><value>true</value></odePagStructureProperty><odePagStructureProperty><key>minimized</key><value>false</value></odePagStructureProperty><odePagStructureProperty><key>identifier</key><value/></odePagStructureProperty><odePagStructureProperty><key>cssClass</key><value/></odePagStructureProperty></odePagStructureProperties><odeComponents><odeComponent><odePageId>20251210191402IBXWIT</odePageId><odeBlockId>20251210191402XCBZMH</odeBlockId><odeIdeviceId>20251127184840098X7X</odeIdeviceId><odeIdeviceTypeName>image-gallery</odeIdeviceTypeName><htmlView>&lt;!-- Idevice Example template start --&gt;&lt;div class="exe-image-gallery-template"&gt;&lt;!-- Idevice content start --&gt;
            &lt;div class="imageGallery-IDevice"&gt;
                &lt;div class="imageGallery-body"&gt;&lt;div id="imageContainer_0" class="imageContainer"&gt; &lt;a idevice-id="20251127184840098X7X" title="" href="{{context_path}}/20251127184840098X7X//lossy-page1-738px-Yamaha_Bass_tuba_YFB-822.tif.jpg" class="imageLink"&gt;  &lt;div class="imageElement"&gt;   &lt;img src="{{context_path}}/20251127184840098X7X//lossy-page1-738px-Yamaha_Bass_tuba_YFB-822.tif_thumb.jpg" height="128" width="128" title="" alt="" titlelink="" author="" authorlink="" license="" licenselink=""/&gt;  &lt;/div&gt; &lt;/a&gt;&lt;/div&gt;
                &lt;/div&gt;
            &lt;/div&gt;&lt;!-- Idevice content end --&gt;&lt;/div&gt;&lt;!-- Idevice Example template end --&gt;</htmlView><jsonProperties>{"ideviceId":"20251127184840098X7X","img_0":{"img":"{{context_path}}/20251127184840098X7X//lossy-page1-738px-Yamaha_Bass_tuba_YFB-822.tif.jpg","thumbnail":"{{context_path}}/20251127184840098X7X//lossy-page1-738px-Yamaha_Bass_tuba_YFB-822.tif_thumb.jpg","title":"","linktitle":"","author":"","linkauthor":"","license":""}}</jsonProperties><odeComponentsOrder>1</odeComponentsOrder><odeComponentsProperties><odeComponentsProperty><key>visibility</key><value>true</value></odeComponentsProperty><odeComponentsProperty><key>teacherOnly</key><value>false</value></odeComponentsProperty><odeComponentsProperty><key>identifier</key><value/></odeComponentsProperty><odeComponentsProperty><key>cssClass</key><value/></odeComponentsProperty></odeComponentsProperties></odeComponent></odeComponents></odePagStructure></odePagStructures></odeNavStructure><odeNavStructure><odePageId>20251210191402RSDKOO</odePageId><odeParentPageId/><pageName>LOS METALES EN LA ANTIGÜEDAD</pageName><odeNavStructureOrder>2</odeNavStructureOrder><odeNavStructureProperties><odeNavStructureProperty><key>titleNode</key><value>LOS METALES EN LA ANTIGÜEDAD</value></odeNavStructureProperty><odeNavStructureProperty><key>titleHtml</key><value/></odeNavStructureProperty><odeNavStructureProperty><key>editableInPage</key><value>false</value></odeNavStructureProperty><odeNavStructureProperty><key>titlePage</key><value>LOS METALES EN LA ANTIGÜEDAD</value></odeNavStructureProperty><odeNavStructureProperty><key>visibility</key><value>true</value></odeNavStructureProperty><odeNavStructureProperty><key>description</key><value/></odeNavStructureProperty></odeNavStructureProperties><odePagStructures><odePagStructure><odePageId>20251210191402RSDKOO</odePageId><odeBlockId>20251210191402OYIMPU</odeBlockId><blockName>Contexto</blockName><iconName>icon_diary</iconName><odePagStructureOrder>1</odePagStructureOrder><odePagStructureProperties><odePagStructureProperty><key>visibility</key><value>true</value></odePagStructureProperty><odePagStructureProperty><key>teacherOnly</key><value>false</value></odePagStructureProperty><odePagStructureProperty><key>allowToggle</key><value>true</value></odePagStructureProperty><odePagStructureProperty><key>minimized</key><value>false</value></odePagStructureProperty><odePagStructureProperty><key>identifier</key><value/></odePagStructureProperty><odePagStructureProperty><key>cssClass</key><value/></odePagStructureProperty></odePagStructureProperties><odeComponents><odeComponent><odePageId>20251210191402RSDKOO</odePageId><odeBlockId>20251210191402OYIMPU</odeBlockId><odeIdeviceId>20251127185143031HMK</odeIdeviceId><odeIdeviceTypeName>text</odeIdeviceTypeName><htmlView>&lt;div class="exe-text-template"&gt;&lt;div class="textIdeviceContent"&gt;
            &lt;div class="exe-text-activity"&gt;
                &lt;div&gt;&lt;p&gt;Los instrumentos de viento-metal cumplían una función específica dentro de las antiguas civilizaciones. Ejemplo de ello fue la cultura romana, en la que existía un grupo de instrumentos a modo de "fanfarria". &lt;br&gt;&lt;br&gt;Este grupo estaba compuesto por: la tuba (romana), el lituus, la bucina y el cornu. Sus funciones eran de carácter militar, como por ejemplo, dar señales a los ejércitos.&lt;/p&gt;
&lt;p&gt;&lt;/p&gt;&lt;p class="clearfix"&gt;&lt;/p&gt;&lt;/div&gt;
            &lt;/div&gt;&lt;/div&gt;&lt;/div&gt;</htmlView><jsonProperties>{"ideviceId":"20251127185143031HMK","textInfoDurationInput":"","textInfoDurationTextInput":"Duración","textInfoParticipantsInput":"","textInfoParticipantsTextInput":"Agrupamiento","textTextarea":"&lt;p&gt;Los instrumentos de viento-metal cumplían una función específica dentro de las antiguas civilizaciones. Ejemplo de ello fue la cultura romana, en la que existía un grupo de instrumentos a modo de \"fanfarria\". &lt;br /&gt;&lt;br /&gt;Este grupo estaba compuesto por: la tuba (romana), el lituus, la bucina y el cornu. Sus funciones eran de carácter militar, como por ejemplo, dar señales a los ejércitos.&lt;/p&gt;\n&lt;p&gt;&lt;/p&gt;","textFeedbackInput":"Mostrar retroalimentación","textFeedbackTextarea":""}</jsonProperties><odeComponentsOrder>1</odeComponentsOrder><odeComponentsProperties><odeComponentsProperty><key>visibility</key><value>true</value></odeComponentsProperty><odeComponentsProperty><key>teacherOnly</key><value>false</value></odeComponentsProperty><odeComponentsProperty><key>identifier</key><value/></odeComponentsProperty><odeComponentsProperty><key>cssClass</key><value/></odeComponentsProperty></odeComponentsProperties></odeComponent></odeComponents></odePagStructure><odePagStructure><odePageId>20251210191402RSDKOO</odePageId><odeBlockId>20251210191402FFIUCE</odeBlockId><blockName>Rosco</blockName><iconName>icon_question</iconName><odePagStructureOrder>2</odePagStructureOrder><odePagStructureProperties><odePagStructureProperty><key>visibility</key><value>true</value></odePagStructureProperty><odePagStructureProperty><key>teacherOnly</key><value>false</value></odePagStructureProperty><odePagStructureProperty><key>allowToggle</key><value>true</value></odePagStructureProperty><odePagStructureProperty><key>minimized</key><value>false</value></odePagStructureProperty><odePagStructureProperty><key>identifier</key><value/></odePagStructureProperty><odePagStructureProperty><key>cssClass</key><value/></odePagStructureProperty></odePagStructureProperties><odeComponents><odeComponent><odePageId>20251210191402RSDKOO</odePageId><odeBlockId>20251210191402FFIUCE</odeBlockId><odeIdeviceId>202511021952335015W1</odeIdeviceId><odeIdeviceTypeName>az-quiz-game</odeIdeviceTypeName><htmlView>&lt;div class="rosco-IDevice"&gt;&lt;div class="game-evaluation-ids js-hidden" data-id="202511021952335015W1" data-evaluationb="false" data-evaluationid="20251102180345PCZLPW"&gt;&lt;/div&gt;&lt;div class="rosco-version js-hidden"&gt;2&lt;/div&gt;&lt;div class="rosco-instructions"&gt;&lt;p&gt;Observe las letras, identifique y rellene las palabras que faltan.&lt;/p&gt;&lt;/div&gt;&lt;div class="rosco-DataGame js-hidden"&gt;%E9%B0%E6%EB%E2%F7%D5%F3%FF%F7%B0%A8%B0%C0%FD%E1%F1%FD%B0%BE%B0%FB%FC%E1%E6%E0%E7%F1%E6%FB%FD%FC%E1%B0%A8%B0%AE%E2%AC%DD%F0%E1%F7%E0%E4%F7%B2%FE%F3%E1%B2%FE%F7%E6%E0%F3%E1%BE%B2%FB%F6%F7%FC%E6%FB%F4%FB%E3%E7%F7%B2%EB%B2%E0%F7%FE%FE%F7%FC%F7%B2%FE%F3%E1%B2%E2%F3%FE%F3%F0%E0%F3%E1%B2%E3%E7%F7%B2%F4%F3%FE%E6%F3%FC%BC%AE%BD%E2%AC%B0%BE%B0%E6%FB%FF%F7%C1%FA%FD%E5%C1%FD%FE%E7%E6%FB%FD%FC%B0%A8%A1%BE%B0%F6%E7%E0%F3%E6%FB%FD%FC%D5%F3%FF%F7%B0%A8%A0%A6%A2%BE%B0%FC%E7%FF%F0%F7%E0%C6%E7%E0%FC%E1%B0%A8%A3%BE%B0%E1%FA%FD%E5%C1%FD%FE%E7%E6%FB%FD%FC%B0%A8%E6%E0%E7%F7%BE%B0%E1%FA%FD%E5%DF%FB%FC%FB%FF%FB%E8%F7%B0%A8%F4%F3%FE%E1%F7%BE%B0%FB%E6%FB%FC%F7%E0%F3%E0%EB%B0%A8%E9%B0%E1%FA%FD%E5%D1%FE%E7%F7%B0%A8%F4%F3%FE%E1%F7%BE%B0%F1%FE%E7%F7%D5%F3%FF%F7%B0%A8%B0%B0%BE%B0%E2%F7%E0%F1%F7%FC%E6%F3%F5%F7%D1%FE%E7%F7%B0%A8%A6%A2%BE%B0%E1%FA%FD%E5%D1%FD%F6%F7%D3%F1%F1%F7%E1%E1%B0%A8%F4%F3%FE%E1%F7%BE%B0%F1%FD%F6%F7%D3%F1%F1%F7%E1%E1%B0%A8%B0%B0%BE%B0%FF%F7%E1%E1%F3%F5%F7%D1%FD%F6%F7%D3%F1%F1%F7%E1%E1%B0%A8%B0%B0%EF%BE%B0%E5%FD%E0%F6%E1%D5%F3%FF%F7%B0%A8%C9%E9%B0%FE%F7%E6%E6%F7%E0%B0%A8%B0%D3%B0%BE%B0%E5%FD%E0%F6%B0%A8%B0%D3c%F3%F4%FB%FE%B0%BE%B0%F6%F7%F4%FB%FC%FB%E6%FB%FD%FC%B0%A8%B0%DE%F3%B2%E2%F3%FE%F3%F0%E0%F3%B2%F7%FF%E2%FB%F7%E8%F3%B0%BE%B0%E6%EB%E2%F7%B0%A8%A2%BE%B0%F3%FE%E6%B0%A8%B0%B0%BE%B0%F3%E7%E6%FA%FD%E0%B0%A8%B0%B0%BE%B0%E7%E0%FE%B0%A8%B0%B0%BE%B0%F3%E7%F6%FB%FD%B0%A8%B0%B0%BE%B0%EA%B0%A8%A2%BE%B0%EB%B0%A8%A2%EF%BE%E9%B0%FE%F7%E6%E6%F7%E0%B0%A8%B0%D0%B0%BE%B0%E5%FD%E0%F6%B0%A8%B0%D0%E7%F1%F1%FB%FC%F3%B0%BE%B0%F6%F7%F4%FB%FC%FB%E6%FB%FD%FC%B0%A8%B0%DE%F3%B2%E2%F3%FE%F3%F0%E0%F3%B2%F7%FF%E2%FB%F7%E8%F3%B0%BE%B0%E6%EB%E2%F7%B0%A8%A2%BE%B0%F3%FE%E6%B0%A8%B0%B0%BE%B0%F3%E7%E6%FA%FD%E0%B0%A8%B0%B0%BE%B0%E7%E0%FE%B0%A8%B0%B0%BE%B0%F3%E7%F6%FB%FD%B0%A8%B0%B0%BE%B0%EA%B0%A8%A2%BE%B0%EB%B0%A8%A2%EF%BE%E9%B0%FE%F7%E6%E6%F7%E0%B0%A8%B0%D1%B0%BE%B0%E5%FD%E0%F6%B0%A8%B0%D1%FD%E0%FC%E7%B0%BE%B0%F6%F7%F4%FB%FC%FB%E6%FB%FD%FC%B0%A8%B0%DE%F3%B2%E2%F3%FE%F3%F0%E0%F3%B2%F7%FF%E2%FB%F7%E8%F3%B0%BE%B0%E6%EB%E2%F7%B0%A8%A2%BE%B0%F3%FE%E6%B0%A8%B0%B0%BE%B0%F3%E7%E6%FA%FD%E0%B0%A8%B0%B0%BE%B0%E7%E0%FE%B0%A8%B0%B0%BE%B0%F3%E7%F6%FB%FD%B0%A8%B0%B0%BE%B0%EA%B0%A8%A2%BE%B0%EB%B0%A8%A2%EF%BE%E9%B0%FE%F7%E6%E6%F7%E0%B0%A8%B0%D6%B0%BE%B0%E5%FD%E0%F6%B0%A8%B0%B0%BE%B0%F6%F7%F4%FB%FC%FB%E6%FB%FD%FC%B0%A8%B0%B0%BE%B0%E6%EB%E2%F7%B0%A8%A3%BE%B0%F3%FE%E6%B0%A8%B0%B0%BE%B0%F3%E7%E6%FA%FD%E0%B0%A8%B0%B0%BE%B0%E7%E0%FE%B0%A8%B0%B0%BE%B0%F3%E7%F6%FB%FD%B0%A8%B0%B0%BE%B0%EA%B0%A8%A2%BE%B0%EB%B0%A8%A2%EF%BE%E9%B0%FE%F7%E6%E6%F7%E0%B0%A8%B0%D7%B0%BE%B0%E5%FD%E0%F6%B0%A8%B0%B0%BE%B0%F6%F7%F4%FB%FC%FB%E6%FB%FD%FC%B0%A8%B0%B0%BE%B0%E6%EB%E2%F7%B0%A8%A3%BE%B0%F3%FE%E6%B0%A8%B0%B0%BE%B0%F3%E7%E6%FA%FD%E0%B0%A8%B0%B0%BE%B0%E7%E0%FE%B0%A8%B0%B0%BE%B0%F3%E7%F6%FB%FD%B0%A8%B0%B0%BE%B0%EA%B0%A8%A2%BE%B0%EB%B0%A8%A2%EF%BE%E9%B0%FE%F7%E6%E6%F7%E0%B0%A8%B0%D4%B0%BE%B0%E5%FD%E0%F6%B0%A8%B0%D4%F3%FC%F4%F3%E0%E0%FB%F3%B0%BE%B0%F6%F7%F4%FB%FC%FB%E6%FB%FD%FC%B0%A8%B0%DE%F3%B2%E2%F3%FE%F3%F0%E0%F3%B2%F7%FF%E2%FB%F7%E8%F3%B0%BE%B0%E6%EB%E2%F7%B0%A8%A3%BE%B0%F3%FE%E6%B0%A8%B0%B0%BE%B0%F3%E7%E6%FA%FD%E0%B0%A8%B0%B0%BE%B0%E7%E0%FE%B0%A8%B0%B0%BE%B0%F3%E7%F6%FB%FD%B0%A8%B0%B0%BE%B0%EA%B0%A8%A2%BE%B0%EB%B0%A8%A2%EF%BE%E9%B0%FE%F7%E6%E6%F7%E0%B0%A8%B0%D5%B0%BE%B0%E5%FD%E0%F6%B0%A8%B0%D5%E7%F7%E0%E0%F3%B0%BE%B0%F6%F7%F4%FB%FC%FB%E6%FB%FD%FC%B0%A8%B0%DE%F3%B2%E2%F3%FE%F3%F0%E0%F3%B2%F7%FF%E2%FB%F7%E8%F3%B0%BE%B0%E6%EB%E2%F7%B0%A8%A2%BE%B0%F3%FE%E6%B0%A8%B0%B0%BE%B0%F3%E7%E6%FA%FD%E0%B0%A8%B0%B0%BE%B0%E7%E0%FE%B0%A8%B0%B0%BE%B0%F3%E7%F6%FB%FD%B0%A8%B0%B0%BE%B0%EA%B0%A8%A2%BE%B0%EB%B0%A8%A2%EF%BE%E9%B0%FE%F7%E6%E6%F7%E0%B0%A8%B0%DA%B0%BE%B0%E5%FD%E0%F6%B0%A8%B0%B0%BE%B0%F6%F7%F4%FB%FC%FB%E6%FB%FD%FC%B0%A8%B0%B0%BE%B0%E6%EB%E2%F7%B0%A8%A2%BE%B0%F3%FE%E6%B0%A8%B0%B0%BE%B0%F3%E7%E6%FA%FD%E0%B0%A8%B0%B0%BE%B0%E7%E0%FE%B0%A8%B0%B0%BE%B0%F3%E7%F6%FB%FD%B0%A8%B0%B0%BE%B0%EA%B0%A8%A2%BE%B0%EB%B0%A8%A2%EF%BE%E9%B0%FE%F7%E6%E6%F7%E0%B0%A8%B0%DB%B0%BE%B0%E5%FD%E0%F6%B0%A8%B0%B0%BE%B0%F6%F7%F4%FB%FC%FB%E6%FB%FD%FC%B0%A8%B0%B0%BE%B0%E6%EB%E2%F7%B0%A8%A2%BE%B0%F3%FE%E6%B0%A8%B0%B0%BE%B0%F3%E7%E6%FA%FD%E0%B0%A8%B0%B0%BE%B0%E7%E0%FE%B0%A8%B0%B0%BE%B0%F3%E7%F6%FB%FD%B0%A8%B0%B0%BE%B0%EA%B0%A8%A2%BE%B0%EB%B0%A8%A2%EF%BE%E9%B0%FE%F7%E6%E6%F7%E0%B0%A8%B0%D8%B0%BE%B0%E5%FD%E0%F6%B0%A8%B0%B0%BE%B0%F6%F7%F4%FB%FC%FB%E6%FB%FD%FC%B0%A8%B0%B0%BE%B0%E6%EB%E2%F7%B0%A8%A2%BE%B0%F3%FE%E6%B0%A8%B0%B0%BE%B0%F3%E7%E6%FA%FD%E0%B0%A8%B0%B0%BE%B0%E7%E0%FE%B0%A8%B0%B0%BE%B0%F3%E7%F6%FB%FD%B0%A8%B0%B0%BE%B0%EA%B0%A8%A2%BE%B0%EB%B0%A8%A2%EF%BE%E9%B0%FE%F7%E6%E6%F7%E0%B0%A8%B0%D9%B0%BE%B0%E5%FD%E0%F6%B0%A8%B0%B0%BE%B0%F6%F7%F4%FB%FC%FB%E6%FB%FD%FC%B0%A8%B0%B0%BE%B0%E6%EB%E2%F7%B0%A8%A2%BE%B0%F3%FE%E6%B0%A8%B0%B0%BE%B0%F3%E7%E6%FA%FD%E0%B0%A8%B0%B0%BE%B0%E7%E0%FE%B0%A8%B0%B0%BE%B0%F3%E7%F6%FB%FD%B0%A8%B0%B0%BE%B0%EA%B0%A8%A2%BE%B0%EB%B0%A8%A2%EF%BE%E9%B0%FE%F7%E6%E6%F7%E0%B0%A8%B0%DE%B0%BE%B0%E5%FD%E0%F6%B0%A8%B0%DE%FB%E6%E7%E7%E1%B0%BE%B0%F6%F7%F4%FB%FC%FB%E6%FB%FD%FC%B0%A8%B0%DE%F3%B2%E2%F3%FE%F3%F0%E0%F3%B2%F7%FF%E2%FB%F7%E8%F3%B0%BE%B0%E6%EB%E2%F7%B0%A8%A2%BE%B0%F3%FE%E6%B0%A8%B0%B0%BE%B0%F3%E7%E6%FA%FD%E0%B0%A8%B0%B0%BE%B0%E7%E0%FE%B0%A8%B0%B0%BE%B0%F3%E7%F6%FB%FD%B0%A8%B0%B0%BE%B0%EA%B0%A8%A2%BE%B0%EB%B0%A8%A2%EF%BE%E9%B0%FE%F7%E6%E6%F7%E0%B0%A8%B0%DF%B0%BE%B0%E5%FD%E0%F6%B0%A8%B0%DFs%F5%FB%F1%FD%B0%BE%B0%F6%F7%F4%FB%FC%FB%E6%FB%FD%FC%B0%A8%B0%DE%F3%B2%E2%F3%FE%F3%F0%E0%F3%B2%F7%FF%E2%FB%F7%E8%F3%B0%BE%B0%E6%EB%E2%F7%B0%A8%A2%BE%B0%F3%FE%E6%B0%A8%B0%B0%BE%B0%F3%E7%E6%FA%FD%E0%B0%A8%B0%B0%BE%B0%E7%E0%FE%B0%A8%B0%B0%BE%B0%F3%E7%F6%FB%FD%B0%A8%B0%B0%BE%B0%EA%B0%A8%A2%BE%B0%EB%B0%A8%A2%EF%BE%E9%B0%FE%F7%E6%E6%F7%E0%B0%A8%B0%DC%B0%BE%B0%E5%FD%E0%F6%B0%A8%B0%B0%BE%B0%F6%F7%F4%FB%FC%FB%E6%FB%FD%FC%B0%A8%B0%B0%BE%B0%E6%EB%E2%F7%B0%A8%A2%BE%B0%F3%FE%E6%B0%A8%B0%B0%BE%B0%F3%E7%E6%FA%FD%E0%B0%A8%B0%B0%BE%B0%E7%E0%FE%B0%A8%B0%B0%BE%B0%F3%E7%F6%FB%FD%B0%A8%B0%B0%BE%B0%EA%B0%A8%A2%BE%B0%EB%B0%A8%A2%EF%BE%E9%B0%FE%F7%E6%E6%F7%E0%B0%A8%B0C%B0%BE%B0%E5%FD%E0%F6%B0%A8%B0%B0%BE%B0%F6%F7%F4%FB%FC%FB%E6%FB%FD%FC%B0%A8%B0%B0%BE%B0%E6%EB%E2%F7%B0%A8%A2%BE%B0%F3%FE%E6%B0%A8%B0%B0%BE%B0%F3%E7%E6%FA%FD%E0%B0%A8%B0%B0%BE%B0%E7%E0%FE%B0%A8%B0%B0%BE%B0%F3%E7%F6%FB%FD%B0%A8%B0%B0%BE%B0%EA%B0%A8%A2%BE%B0%EB%B0%A8%A2%EF%BE%E9%B0%FE%F7%E6%E6%F7%E0%B0%A8%B0%DD%B0%BE%B0%E5%FD%E0%F6%B0%A8%B0%B0%BE%B0%F6%F7%F4%FB%FC%FB%E6%FB%FD%FC%B0%A8%B0%B0%BE%B0%E6%EB%E2%F7%B0%A8%A2%BE%B0%F3%FE%E6%B0%A8%B0%B0%BE%B0%F3%E7%E6%FA%FD%E0%B0%A8%B0%B0%BE%B0%E7%E0%FE%B0%A8%B0%B0%BE%B0%F3%E7%F6%FB%FD%B0%A8%B0%B0%BE%B0%EA%B0%A8%A2%BE%B0%EB%B0%A8%A2%EF%BE%E9%B0%FE%F7%E6%E6%F7%E0%B0%A8%B0%C2%B0%BE%B0%E5%FD%E0%F6%B0%A8%B0%B0%BE%B0%F6%F7%F4%FB%FC%FB%E6%FB%FD%FC%B0%A8%B0%B0%BE%B0%E6%EB%E2%F7%B0%A8%A2%BE%B0%F3%FE%E6%B0%A8%B0%B0%BE%B0%F3%E7%E6%FA%FD%E0%B0%A8%B0%B0%BE%B0%E7%E0%FE%B0%A8%B0%B0%BE%B0%F3%E7%F6%FB%FD%B0%A8%B0%B0%BE%B0%EA%B0%A8%A2%BE%B0%EB%B0%A8%A2%EF%BE%E9%B0%FE%F7%E6%E6%F7%E0%B0%A8%B0%C3%B0%BE%B0%E5%FD%E0%F6%B0%A8%B0%B0%BE%B0%F6%F7%F4%FB%FC%FB%E6%FB%FD%FC%B0%A8%B0%B0%BE%B0%E6%EB%E2%F7%B0%A8%A2%BE%B0%F3%FE%E6%B0%A8%B0%B0%BE%B0%F3%E7%E6%FA%FD%E0%B0%A8%B0%B0%BE%B0%E7%E0%FE%B0%A8%B0%B0%BE%B0%F3%E7%F6%FB%FD%B0%A8%B0%B0%BE%B0%EA%B0%A8%A2%BE%B0%EB%B0%A8%A2%EF%BE%E9%B0%FE%F7%E6%E6%F7%E0%B0%A8%B0%C0%B0%BE%B0%E5%FD%E0%F6%B0%A8%B0%B0%BE%B0%F6%F7%F4%FB%FC%FB%E6%FB%FD%FC%B0%A8%B0%B0%BE%B0%E6%EB%E2%F7%B0%A8%A2%BE%B0%F3%FE%E6%B0%A8%B0%B0%BE%B0%F3%E7%E6%FA%FD%E0%B0%A8%B0%B0%BE%B0%E7%E0%FE%B0%A8%B0%B0%BE%B0%F3%E7%F6%FB%FD%B0%A8%B0%B0%BE%B0%EA%B0%A8%A2%BE%B0%EB%B0%A8%A2%EF%BE%E9%B0%FE%F7%E6%E6%F7%E0%B0%A8%B0%C1%B0%BE%B0%E5%FD%E0%F6%B0%A8%B0%B0%BE%B0%F6%F7%F4%FB%FC%FB%E6%FB%FD%FC%B0%A8%B0%B0%BE%B0%E6%EB%E2%F7%B0%A8%A2%BE%B0%F3%FE%E6%B0%A8%B0%B0%BE%B0%F3%E7%E6%FA%FD%E0%B0%A8%B0%B0%BE%B0%E7%E0%FE%B0%A8%B0%B0%BE%B0%F3%E7%F6%FB%FD%B0%A8%B0%B0%BE%B0%EA%B0%A8%A2%BE%B0%EB%B0%A8%A2%EF%BE%E9%B0%FE%F7%E6%E6%F7%E0%B0%A8%B0%C6%B0%BE%B0%E5%FD%E0%F6%B0%A8%B0%C6%E7%F0%F3%B2%E0%FD%FF%F3%FC%F3%B0%BE%B0%F6%F7%F4%FB%FC%FB%E6%FB%FD%FC%B0%A8%B0%DE%F3%B2%E2%F3%FE%F3%F0%E0%F3%B2%F7%FF%E2%FB%F7%E8%F3%B0%BE%B0%E6%EB%E2%F7%B0%A8%A2%BE%B0%F3%FE%E6%B0%A8%B0%B0%BE%B0%F3%E7%E6%FA%FD%E0%B0%A8%B0%B0%BE%B0%E7%E0%FE%B0%A8%B0%B0%BE%B0%F3%E7%F6%FB%FD%B0%A8%B0%B0%BE%B0%EA%B0%A8%A2%BE%B0%EB%B0%A8%A2%EF%BE%E9%B0%FE%F7%E6%E6%F7%E0%B0%A8%B0%C7%B0%BE%B0%E5%FD%E0%F6%B0%A8%B0%B0%BE%B0%F6%F7%F4%FB%FC%FB%E6%FB%FD%FC%B0%A8%B0%B0%BE%B0%E6%EB%E2%F7%B0%A8%A2%BE%B0%F3%FE%E6%B0%A8%B0%B0%BE%B0%F3%E7%E6%FA%FD%E0%B0%A8%B0%B0%BE%B0%E7%E0%FE%B0%A8%B0%B0%BE%B0%F3%E7%F6%FB%FD%B0%A8%B0%B0%BE%B0%EA%B0%A8%A2%BE%B0%EB%B0%A8%A2%EF%BE%E9%B0%FE%F7%E6%E6%F7%E0%B0%A8%B0%C4%B0%BE%B0%E5%FD%E0%F6%B0%A8%B0%B0%BE%B0%F6%F7%F4%FB%FC%FB%E6%FB%FD%FC%B0%A8%B0%B0%BE%B0%E6%EB%E2%F7%B0%A8%A2%BE%B0%F3%FE%E6%B0%A8%B0%B0%BE%B0%F3%E7%E6%FA%FD%E0%B0%A8%B0%B0%BE%B0%E7%E0%FE%B0%A8%B0%B0%BE%B0%F3%E7%F6%FB%FD%B0%A8%B0%B0%BE%B0%EA%B0%A8%A2%BE%B0%EB%B0%A8%A2%EF%BE%E9%B0%FE%F7%E6%E6%F7%E0%B0%A8%B0%C5%B0%BE%B0%E5%FD%E0%F6%B0%A8%B0%B0%BE%B0%F6%F7%F4%FB%FC%FB%E6%FB%FD%FC%B0%A8%B0%B0%BE%B0%E6%EB%E2%F7%B0%A8%A2%BE%B0%F3%FE%E6%B0%A8%B0%B0%BE%B0%F3%E7%E6%FA%FD%E0%B0%A8%B0%B0%BE%B0%E7%E0%FE%B0%A8%B0%B0%BE%B0%F3%E7%F6%FB%FD%B0%A8%B0%B0%BE%B0%EA%B0%A8%A2%BE%B0%EB%B0%A8%A2%EF%BE%E9%B0%FE%F7%E6%E6%F7%E0%B0%A8%B0%CA%B0%BE%B0%E5%FD%E0%F6%B0%A8%B0%B0%BE%B0%F6%F7%F4%FB%FC%FB%E6%FB%FD%FC%B0%A8%B0%B0%BE%B0%E6%EB%E2%F7%B0%A8%A2%BE%B0%F3%FE%E6%B0%A8%B0%B0%BE%B0%F3%E7%E6%FA%FD%E0%B0%A8%B0%B0%BE%B0%E7%E0%FE%B0%A8%B0%B0%BE%B0%F3%E7%F6%FB%FD%B0%A8%B0%B0%BE%B0%EA%B0%A8%A2%BE%B0%EB%B0%A8%A2%EF%BE%E9%B0%FE%F7%E6%E6%F7%E0%B0%A8%B0%CB%B0%BE%B0%E5%FD%E0%F6%B0%A8%B0%B0%BE%B0%F6%F7%F4%FB%FC%FB%E6%FB%FD%FC%B0%A8%B0%B0%BE%B0%E6%EB%E2%F7%B0%A8%A2%BE%B0%F3%FE%E6%B0%A8%B0%B0%BE%B0%F3%E7%E6%FA%FD%E0%B0%A8%B0%B0%BE%B0%E7%E0%FE%B0%A8%B0%B0%BE%B0%F3%E7%F6%FB%FD%B0%A8%B0%B0%BE%B0%EA%B0%A8%A2%BE%B0%EB%B0%A8%A2%EF%BE%E9%B0%FE%F7%E6%E6%F7%E0%B0%A8%B0%C8%B0%BE%B0%E5%FD%E0%F6%B0%A8%B0%B0%BE%B0%F6%F7%F4%FB%FC%FB%E6%FB%FD%FC%B0%A8%B0%B0%BE%B0%E6%EB%E2%F7%B0%A8%A2%BE%B0%F3%FE%E6%B0%A8%B0%B0%BE%B0%F3%E7%E6%FA%FD%E0%B0%A8%B0%B0%BE%B0%E7%E0%FE%B0%A8%B0%B0%BE%B0%F3%E7%F6%FB%FD%B0%A8%B0%B0%BE%B0%EA%B0%A8%A2%BE%B0%EB%B0%A8%A2%EF%CF%BE%B0%FB%E1%C1%F1%FD%E0%FF%B0%A8%A2%BE%B0%E6%F7%EA%E6%D0%E7%E6%E6%FD%FC%C1%F1%FD%E0%FF%B0%A8%B0%D5%E7%F3%E0%F6%F3%E0%B2%FE%F3%B2%E2%E7%FC%E6%E7%F3%F1%FBa%FC%B0%BE%B0%E0%F7%E2%F7%F3%E6%D3%F1%E6%FB%E4%FB%E6%EB%B0%A8%E6%E0%E7%F7%BE%B0%E5%F7%FB%F5%FA%E6%F7%F6%B0%A8%A3%A2%A2%BE%B0%FE%F7%E6%E6%F7%E0%E1%B0%A8%B0%D3%D0%D1%D6%D7%D4%D5%DA%DB%D8%D9%DE%DF%DCC%DD%C2%C3%C0%C1%C6%C7%C4%C5%CA%CB%C8%B0%BE%B0%E6%F7%EA%E6%D3%F4%E6%F7%E0%B0%A8%B0%B0%BE%B0%F1%F3%E1%F7%C1%F7%FC%E1%FB%E6%FB%E4%F7%B0%A8%F4%F3%FE%E1%F7%BE%B0%E4%F7%E0%E1%FB%FD%FC%B0%A8%A0%BE%B0%FF%FD%F6%F7%D0%FD%F3%E0%F6%B0%A8%F4%F3%FE%E1%F7%BE%B0%F7%E4%F3%FE%E7%F3%E6%FB%FD%FC%B0%A8%F4%F3%FE%E1%F7%BE%B0%F7%E4%F3%FE%E7%F3%E6%FB%FD%FC%DB%D6%B0%A8%B0%A0%A2%A0%A7%A3%A3%A2%A0%A3%AA%A2%A1%A6%A7%C2%D1%C8%DE%C2%C5%B0%BE%B0%FB%F6%B0%A8%B0%A0%A2%A0%A7%A3%A3%A2%A0%A3%AB%A7%A0%A1%A1%A7%A2%A3%A7%C5%A3%B0%BE%B0%FF%E1%F5%E1%B0%A8%E9%B0%FF%E1%F5%C0%F7%F3%F6%EB%B0%A8%B0-%C2%E0%F7%E2%F3%E0%F3%F6%FD%AD%B0%BE%B0%FF%E1%F5%C1%E6%F3%E0%E6%D5%F3%FF%F7%B0%A8%B0%C2%E7%FE%E1%F7%B2%F3%E3%E7%7F%B2%E2%F3%E0%F3%B2%F7%FF%E2%F7%E8%F3%E0%B0%BE%B0%FF%E1%F5%DA%F3%E2%E2%F7%FC%B0%A8%B0%C2%F3%E1%F3%E0%B0%BE%B0%FF%E1%F5%C0%F7%E2%FE%EB%B0%A8%B0%C0%F7%E1%E2%FD%FC%F6%F7%E0%B0%BE%B0%FF%E1%F5%C1%E7%F0%FF%FB%E6%B0%A8%B0%D7%FC%E4%FB%F3%E0%B0%BE%B0%FF%E1%F5%D7%FC%E6%F7%E0%D1%FD%F6%F7%B0%A8%B0%DB%FC%E6%E0%FD%F6%E7%E8%F1%F3%B2%F7%FE%B2%F1a%F6%FB%F5%FD%B2%F6%F7%B2%F3%F1%F1%F7%E1%FD%B0%BE%B0%FF%E1%F5%D7%E0%E0%FD%E0%D1%FD%F6%F7%B0%A8%B0%D7%FE%B2%F1a%F6%FB%F5%FD%B2%F6%F7%B2%F3%F1%F1%F7%E1%FD%B2%FC%FD%B2%F7%E1%B2%F1%FD%E0%E0%F7%F1%E6%FD%B0%BE%B0%FF%E1%F5%D5%F3%FF%F7%DD%E4%F7%E0%B0%A8%B03%D4%FB%FC%B2%F6%F7%B2%FE%F3%B2%E2%F3%E0%E6%FB%F6%F3%B3%B0%BE%B0%FF%E1%F5%DC%F7%E5%C5%FD%E0%F6%B0%A8%B0%C2%F3%FE%F3%F0%E0%F3%B2%FC%E7%F7%E4%F3%B0%BE%B0%FF%E1%F5%C1%E6%F3%E0%E6%C5%FB%E6%FA%B0%A8%B0%D7%FF%E2%FB%F7%E8%F3%B2%E2%FD%E0%B2%B7%A3%B0%BE%B0%FF%E1%F5%D1%FD%FC%E6%F3%FB%FC%E6%B0%A8%B0%D1%FD%FC%E6%FB%F7%FC%F7%B2%FE%F3%B2%FE%F7%E6%E0%F3%B2%B7%A3%B0%BE%B0%FF%E1%F5%C2%F3%E1%E1%B0%A8%B0%C2%F3%E1%F3%E0%B2%F3%B2%FE%F3%B2%E1%FB%F5%E7%FB%F7%FC%E6%F7%B2%E2%F3%FE%F3%F0%E0%F3%B0%BE%B0%FF%E1%F5%DB%FC%F6%FB%F1%F3%E6%F7%C5%FD%E0%F6%B0%A8%B0%DB%FC%E6%E0%FD%F6%E7%E8%F1%F3%B2%E7%FC%F3%B2%E2%F3%FE%F3%F0%E0%F3%B0%BE%B0%FF%E1%F5%D1%FE%E7%F7%B0%A8%B03%D5%F7%FC%FB%F3%FE%B3%B2%DE%F3%B2%E2%FB%E1%E6%F3%B2%F7%E1%A8%B0%BE%B0%FF%E1%F5%DC%F7%E5%D5%F3%FF%F7%B0%A8%B0%C2%E7%FE%E1%F7%B2%F3%E3%E7%7F%B2%E2%F3%E0%F3%B2%F7%FF%E2%F7%E8%F3%E0%B2%FD%E6%E0%F3%B2%E2%F3%E0%E6%FB%F6%F3%B0%BE%B0%FF%E1%F5%CB%FD%E7%DA%F3%E1%B0%A8%B0%C6%FB%F7%FC%F7%B2%B7%A3%B2%F3%F1%FB%F7%E0%E6%FD%E1%B2%EB%B2%B7%A0%B2%F4%F3%FE%FE%FD%E1%B0%BE%B0%FF%E1%F5%D1%FD%F6%F7%D3%F1%F1%F7%E1%E1%B0%A8%B0%D1a%F6%FB%F5%FD%B2%F6%F7%B2%F3%F1%F1%F7%E1%FD%B0%BE%B0%FF%E1%F5%C2%FE%F3%EB%D3%F5%F3%FB%FC%B0%A8%B0%D8%E7%F5%F3%E0%B2%FD%E6%E0%F3%B2%E4%F7%E8%B0%BE%B0%FF%E1%F5%C0%F7%E3%E7%FB%E0%F7%F6%D3%F1%F1%F7%E1%E1%D9%F7%EB%B0%A8%B0%D7%E1%B2%FC%F7%F1%F7%E1%F3%E0%FB%FD%B2%F7%FE%B2%F1a%F6%FB%F5%FD%B2%F6%F7%B2%F3%F1%F1%F7%E1%FD%B0%BE%B0%FF%E1%F5%DB%FC%F4%FD%E0%FF%F3%E6%FB%FD%FC%DE%FD%FD%F9%FB%FC%F5%B0%A8%B0%DE%F3%B2%FB%FC%F4%FD%E0%FF%F3%F1%FBa%FC%B2%E3%E7%F7%B2%F7%E1%E6%F3%F0%F3%B2%F0%E7%E1%F1%F3%FC%F6%FD%B0%BE%B0%FF%E1%F5%C2%FE%F3%EB%C1%E6%F3%E0%E6%B0%A8%B0%C2%E7%FE%E1%F7%B2%F3%E3%E7%7F%B2%E2%F3%E0%F3%B2%F8%E7%F5%F3%E0%B0%BE%B0%FF%E1%F5%DF%FB%FC%FB%FF%FB%E8%F7%B0%A8%B0%DF%FB%FC%FB%FF%FB%E8%F3%E0%B0%BE%B0%FF%E1%F5%DF%F3%EA%FB%FF%FB%E8%F7%B0%A8%B0%DF%F3%EA%FB%FF%FB%E8%F3%E0%B0%BE%B0%FF%E1%F5%DA%FB%E6%E1%B0%A8%B0%D3%F1%FB%F7%E0%E6%FD%E1%B0%BE%B0%FF%E1%F5%D7%E0%E0%FD%E0%E1%B0%A8%B0%D7%E0%E0%FD%E0%F7%E1%B0%BE%B0%FF%E1%F5%C6%FB%FF%F7%B0%A8%B0%DE%7F%FF%FB%E6%F7%B2%F6%F7%B2%E6%FB%F7%FF%E2%FD%B2%BA%FF%FF%A8%E1%E1%BB%B0%BE%B0%FF%E1%F5%DD%FC%F7%C0%FD%E7%FC%F6%B0%A8%B0%C7%FC%F3%B2%E4%E7%F7%FE%E6%F3%B0%BE%B0%FF%E1%F5%C6%FD%E5%C0%FD%E7%FC%F6%E1%B0%A8%B0%D6%FD%E1%B2%E4%E7%F7%FE%E6%F3%E1%B0%BE%B0%FF%E1%F5%DB%FF%F3%F5%F7%B0%A8%B0%DB%FF%F3%F5%F7%FC%B0%BE%B0%FF%E1%F5%DC%FD%DB%FF%F3%F5%F7%B0%A8%B0%C1%FB%FC%B2%FB%FF%F3%F5%F7%FC%B0%BE%B0%FF%E1%F5%C5%E0%FD%E6%F7%B0%A8%B0%D7%E1%F1%E0%FB%F0%F3%B2%FE%F3%B2%E2%F3%FE%F3%F0%E0%F3%B2%F1%FD%E0%E0%F7%F1%E6%F3%B2%EB%B2%E2%E7%FE%E1%F7%B2%F7%FC%B2%C0%F7%E1%E2%FD%FC%F6%F7%E0%BC%B2%C1%FB%B2%F6%E7%F6%F3%BE%B2%E2%E7%FE%E1%F7%B2%F7%FC%B2%C1%F7%F5%E7%FB%E0%BC%B0%BE%B0%FF%E1%F5%DC%FD%E6%DC%F7%E6%E5%FD%E0%F9%B0%A8%B0%D3%B2%F7%E1%E6%F7%B2%F8%E7%F7%F5%FD%B2%E1%FD%FE%FD%B2%E1%F7%B2%E2%E7%F7%F6%F7%B2%F8%E7%F5%F3%E0%B2%F1%FD%FC%B2%F1%FD%FC%F7%EA%FBa%FC%B2%F3%B2%FB%FC%E6%F7%E0%FC%F7%E6%BC%B0%BE%B0%FF%E1%F5%C1%E7%F1%F1%F7%E1%E1%F7%E1%B0%A8%B03%D1%FD%E0%E0%F7%F1%E6%FD%B3%B2%EE%B23%D7%EA%F1%F7%FE%F7%FC%E6%F7%B3%B2%EE%B23%D5%F7%FC%FB%F3%FE%B3%B2%EE%B23%DF%E7%EB%B2%F0%FB%F7%FC%B3%B2%EE%B23%C2%F7%E0%F4%F7%F1%E6%FD%B3%B0%BE%B0%FF%E1%F5%D4%F3%FB%FE%E7%E0%F7%E1%B0%A8%B03%DC%FD%B2%F7%E0%F3%B2%F7%E1%FD%B3%B2%EE%B23%DB%FC%F1%FD%E0%E0%F7%F1%E6%FD%B3%B2%EE%B23%DC%FD%B2%F7%E1%B2%F1%FD%E0%E0%F7%F1%E6%FD%B3%B2%EE%B23%DE%FD%B2%E1%F7%FC%E6%FB%FF%FD%E1%B3%B2%EE%B23%D7%E0%E0%FD%E0%B3%B0%BE%B0%FF%E1%F5%D7%FC%F6%D5%F3%FF%F7%C1%F1%FD%E0%F7%B0%A8%B0%D3%FC%E6%F7%E1%B2%F6%F7%B2%F5%E7%F3%E0%F6%F3%E0%B2%FE%F3%B2%E2%E7%FC%E6%E7%F3%F1%FBa%FC%B2%F1%FD%FF%FB%F7%FC%F1%F7%B2%FE%F3%B2%E2%F3%E0%E6%FB%F6%F3%BC%B0%BE%B0%FF%E1%F5%C1%F1%FD%E0%F7%C1%F1%FD%E0%FF%B0%A8%B0%DE%F3%B2%E2%E7%FC%E6%E7%F3%F1%FBa%FC%B2%FC%FD%B2%E1%F7%B2%E2%E7%F7%F6%F7%B2%F5%E7%F3%E0%F6%F3%E0%B2%E2%FD%E0%E3%E7%F7%B2%F7%E1%E6%F3%B2%E2s%F5%FB%FC%F3%B2%FC%FD%B2%F4%FD%E0%FF%F3%B2%E2%F3%E0%E6%F7%B2%B2%F6%F7%B2%E7%FC%B2%E2%F3%E3%E7%F7%E6%F7%B2%C1%D1%DD%C0%DF%BC%B0%BE%B0%FF%E1%F5%C1%FA%FD%E5%C0%FD%E7%FE%F7%E6%E6%F7%B0%A8%B0%DF%FD%E1%E6%E0%F3%E0%B2%F7%FE%B2%E0%FD%E1%F1%FD%B2%F6%F7%B2%E2%F3%FE%F3%F0%E0%F3%E1%B0%BE%B0%FF%E1%F5%DA%FB%F6%F7%C0%FD%E7%FE%F7%E6%E6%F7%B0%A8%B0%DD%F1%E7%FE%E6%F3%E0%B2%F7%FE%B2%E0%FD%E1%F1%FD%B2%F6%F7%B2%E2%F3%FE%F3%F0%E0%F3%E1%B0%BE%B0%FF%E1%F5%C3%E7%F7%E1%E6%FB%FD%FC%B0%A8%B0%C2%E0%F7%F5%E7%FC%E6%F3%B0%BE%B0%FF%E1%F5%D3%FC%E1%E5%F7%E0%B0%A8%B0%C0%F7%E1%E2%FD%FC%F6%F7%E0%B0%BE%B0%FF%E1%F5%DD%FC%FE%EB%C1%F3%E4%F7%C1%F1%FD%E0%F7%B0%A8%B03%C1%FD%FE%FD%B2%E2%E7%F7%F6%F7%B2%F5%E7%F3%E0%F6%F3%E0%B2%FE%F3%B2%E2%E7%FC%E6%E7%F3%F1%FBa%FC%B2%E7%FC%F3%B2%E4%F7%E8%B3%B0%BE%B0%FF%E1%F5%DD%FC%FE%EB%C1%F3%E4%F7%B0%A8%B0%C1%FD%FE%FD%B2%E2%E7%F7%F6%F7%B2%F5%E7%F3%E0%F6%F3%E0%B2%E7%FC%F3%B2%E4%F7%E8%B0%BE%B0%FF%E1%F5%DB%FC%F4%FD%E0%FF%F3%E6%FB%FD%FC%B0%A8%B0%DB%FC%F4%FD%E0%FF%F3%F1%FBa%FC%B0%BE%B0%FF%E1%F5%CB%FD%E7%C1%F1%FD%E0%F7%B0%A8%B0%C1%E7%B2%E2%E7%FC%E6%E7%F3%F1%FBa%FC%B0%BE%B0%FF%E1%F5%DD%FC%FE%EB%C1%F3%E4%F7%D3%E7%E6%FD%B0%A8%B0%C1%E7%B2%E2%E7%FC%E6%E7%F3%F1%FBa%FC%B2%E1%F7%B2%F5%E7%F3%E0%F6%F3%E0s%B2%F6%F7%E1%E2%E7%7B%E1%B2%F6%F7%B2%F1%F3%F6%F3%B2%E2%E0%F7%F5%E7%FC%E6%F3%BC%B2%C1%FD%FE%FD%B2%E2%E7%F7%F6%F7%B2%F8%E7%F5%F3%E0%B2%E7%FC%F3%B2%E4%F7%E8%BC%B0%BE%B0%FF%E1%F5%C1%F3%E4%F7%D3%E7%E6%FD%B0%A8%B0%C1%E7%B2%E2%E7%FC%E6%E7%F3%F1%FBa%FC%B2%E1%F7%B2%F5%E7%F3%E0%F6%F3%E0s%B2%F3%E7%E6%FD%FFs%E6%FB%F1%F3%FF%F7%FC%E6%F7%B2%F6%F7%E1%E2%E7%7B%E1%B2%F6%F7%B2%F1%F3%F6%F3%B2%E2%E0%F7%F5%E7%FC%E6%F3%BC%B0%BE%B0%FF%E1%F5%D3%E7%E6%FA%FD%E0%B0%A8%B0%D3%E7%E6%FD%E0%7F%F3%B0%BE%B0%FF%E1%F5%C1%F7%E4%F7%E0%F3%FE%C1%F1%FD%E0%F7%B0%A8%B0%C2%E7%F7%F6%F7%B2%F5%E7%F3%E0%F6%F3%E0%B2%FE%F3%B2%E2%E7%FC%E6%E7%F3%F1%FBa%FC%B2%E6%F3%FC%E6%F3%E1%B2%E4%F7%F1%F7%E1%B2%F1%FD%FF%FD%B2%E3%E7%FB%F7%E0%F3%B0%BE%B0%FF%E1%F5%CB%FD%E7%DE%F3%E1%E6%C1%F1%FD%E0%F7%B0%A8%B0%DE%F3%B2h%FE%E6%FB%FF%F3%B2%E2%E7%FC%E6%E7%F3%F1%FBa%FC%B2%F5%E7%F3%E0%F6%F3%F6%F3%B2%F7%E1%B0%BE%B0%FF%E1%F5%D3%F1%E6%FB%E6%EB%D1%FD%FF%E2%FE%EB%B0%A8%B0%CB%F3%B2%FA%F3%B2%E0%F7%F3%FE%FB%E8%F3%F6%FD%B2%F7%E1%E6%F3%B2%F3%F1%E6%FB%E4%FB%F6%F3%F6%BC%B0%BE%B0%FF%E1%F5%C2%FE%F3%EB%C1%F7%E4%F7%E0%F3%FE%C6%FB%FF%F7%E1%B0%A8%B0%C2%E7%F7%F6%F7%B2%E0%F7%F3%FE%FB%E8%F3%E0%B2%F7%E1%E6%F3%B2%F3%F1%E6%FB%E4%FB%F6%F3%F6%B2%F1%E7%F3%FC%E6%F3%E1%B2%E4%F7%F1%F7%E1%B2%E3%E7%FB%F7%E0%F3%B0%BE%B0%FF%E1%F5%D4%E7%FE%FE%C1%F1%E0%F7%F7%FC%B0%A8%B0%C2%F3%FC%E6%F3%FE%FE%F3%B2%D1%FD%FF%E2%FE%F7%E6%F3%B0%BE%B0%FF%E1%F5%D7%EA%FB%E6%D4%E7%FE%FE%C1%F1%E0%F7%F7%FC%B0%A8%B0%C1%F3%FE%FB%E0%B2%F6%F7%FE%B2%FF%FD%F6%FD%B2%E2%F3%FC%E6%F3%FE%FE%F3%B2%F1%FD%FF%E2%FE%F7%E6%F3%B0%BE%B0%FF%E1%F5%DF%FD%E4%F7%DD%FC%F7%B0%A8%B0%C2%F3%E1%F3%E0%B0%BE%B0%FF%E1%F5%D3%E7%F6%FB%FD%B0%A8%B0%D3%E7%F6%FB%FD%B0%BE%B0%FF%E1%F5%D1%FD%E0%E0%F7%F1%E6%B0%A8%B0%D1%FD%E0%E0%F7%F1%E6%FD%B0%BE%B0%FF%E1%F5%DB%FC%F1%FD%E0%E0%F7%F1%E6%B0%A8%B0%DB%FC%F1%FD%E0%E0%F7%F1%E6%FD%B0%BE%B0%FF%E1%F5%C5%FA%FB%E6%F7%D0%FD%F3%E0%F6%B0%A8%B0%C2%FB%E8%F3%E0%E0%F3%B2%F6%FB%F5%FB%E6%F3%FE%B0%BE%B0%FF%E1%F5%D1%FE%FD%E1%F7%B0%A8%B0%D1%F7%E0%E0%F3%E0%B0%BE%B0%FF%E1%F5%C7%FC%F1%FD%FF%E2%FE%F7%E6%F7%F6%D3%F1%E6%FB%E4%FB%E6%EB%B0%A8%B0%D3%F1%E6%FB%E4%FB%F6%F3%F6%B2%FC%FD%B2%F1%FD%FF%E2%FE%F7%E6%F3%F6%F3%B0%BE%B0%FF%E1%F5%C1%E7%F1%F1%F7%E1%E1%F4%E7%FE%D3%F1%E6%FB%E4%FB%E6%EB%B0%A8%B0%D3%F1%E6%FB%E4%FB%F6%F3%F6%B2%E1%E7%E2%F7%E0%F3%F6%F3%BC%B2%C2%E7%FC%E6%E7%F3%F1%FBa%FC%A8%B2%B7%E1%B0%BE%B0%FF%E1%F5%C7%FC%E1%E7%F1%F1%F7%E1%E1%F4%E7%FE%D3%F1%E6%FB%E4%FB%E6%EB%B0%A8%B0%D3%F1%E6%FB%E4%FB%F6%F3%F6%B2%FC%FD%B2%E1%E7%E2%F7%E0%F3%F6%F3%BC%B2%C2%E7%FC%E6%E7%F3%F1%FBa%FC%A8%B2%B7%E1%B0%BE%B0%FF%E1%F5%C6%EB%E2%F7%D5%F3%FF%F7%B0%A8%B0%C0%FD%E1%F1%FD%B0%BE%B0%FF%E1%F5%C1%FA%FD%E5%C5%FD%E0%F6%E1%B0%A8%B0%DF%FD%E1%E6%E0%F3%E0%B2%FE%F3%E1%B2%E1%FD%FE%E7%F1%FB%FD%FC%F7%E1%B0%BE%B0%FF%E1%F5%D3%FE%FE%B0%A8%B0%C6%FD%F6%F3%E1%B0%BE%B0%FF%E1%F5%C7%FC%F3%FC%E1%E5%F7%E0%F7%F6%B0%A8%B0%C1%FB%FC%B2%F1%FD%FC%E6%F7%E1%E6%F3%E0%B0%BE%B0%FF%E1%F5%C1%F1%FD%E0%F7%B0%A8%B0%C2%E7%FC%E6%E7%F3%F1%FBa%FC%B0%BE%B0%FF%E1%F5%C5%F7%FB%F5%FA%E6%B0%A8%B0%C2%F7%E1%FD%B0%EF%EF&lt;/div&gt;&lt;a href="#" class="js-hidden rosco-LinkImages"&gt;0&lt;/a&gt;&lt;a href="#" class="js-hidden rosco-LinkImages"&gt;1&lt;/a&gt;&lt;a href="#" class="js-hidden rosco-LinkImages"&gt;2&lt;/a&gt;&lt;a href="#" class="js-hidden rosco-LinkImages"&gt;3&lt;/a&gt;&lt;a href="#" class="js-hidden rosco-LinkImages"&gt;4&lt;/a&gt;&lt;a href="#" class="js-hidden rosco-LinkImages"&gt;5&lt;/a&gt;&lt;a href="#" class="js-hidden rosco-LinkImages"&gt;6&lt;/a&gt;&lt;a href="#" class="js-hidden rosco-LinkImages"&gt;7&lt;/a&gt;&lt;a href="#" class="js-hidden rosco-LinkImages"&gt;8&lt;/a&gt;&lt;a href="#" class="js-hidden rosco-LinkImages"&gt;9&lt;/a&gt;&lt;a href="#" class="js-hidden rosco-LinkImages"&gt;10&lt;/a&gt;&lt;a href="#" class="js-hidden rosco-LinkImages"&gt;11&lt;/a&gt;&lt;a href="#" class="js-hidden rosco-LinkImages"&gt;12&lt;/a&gt;&lt;a href="#" class="js-hidden rosco-LinkImages"&gt;13&lt;/a&gt;&lt;a href="#" class="js-hidden rosco-LinkImages"&gt;14&lt;/a&gt;&lt;a href="#" class="js-hidden rosco-LinkImages"&gt;15&lt;/a&gt;&lt;a href="#" class="js-hidden rosco-LinkImages"&gt;16&lt;/a&gt;&lt;a href="#" class="js-hidden rosco-LinkImages"&gt;17&lt;/a&gt;&lt;a href="#" class="js-hidden rosco-LinkImages"&gt;18&lt;/a&gt;&lt;a href="#" class="js-hidden rosco-LinkImages"&gt;19&lt;/a&gt;&lt;a href="#" class="js-hidden rosco-LinkImages"&gt;20&lt;/a&gt;&lt;a href="#" class="js-hidden rosco-LinkImages"&gt;21&lt;/a&gt;&lt;a href="#" class="js-hidden rosco-LinkImages"&gt;22&lt;/a&gt;&lt;a href="#" class="js-hidden rosco-LinkImages"&gt;23&lt;/a&gt;&lt;a href="#" class="js-hidden rosco-LinkImages"&gt;24&lt;/a&gt;&lt;a href="#" class="js-hidden rosco-LinkImages"&gt;25&lt;/a&gt;&lt;a href="#" class="js-hidden rosco-LinkImages"&gt;26&lt;/a&gt;&lt;a href="#" class="js-hidden rosco-LinkAudios"&gt;0&lt;/a&gt;&lt;a href="#" class="js-hidden rosco-LinkAudios"&gt;1&lt;/a&gt;&lt;a href="#" class="js-hidden rosco-LinkAudios"&gt;2&lt;/a&gt;&lt;a href="#" class="js-hidden rosco-LinkAudios"&gt;3&lt;/a&gt;&lt;a href="#" class="js-hidden rosco-LinkAudios"&gt;4&lt;/a&gt;&lt;a href="#" class="js-hidden rosco-LinkAudios"&gt;5&lt;/a&gt;&lt;a href="#" class="js-hidden rosco-LinkAudios"&gt;6&lt;/a&gt;&lt;a href="#" class="js-hidden rosco-LinkAudios"&gt;7&lt;/a&gt;&lt;a href="#" class="js-hidden rosco-LinkAudios"&gt;8&lt;/a&gt;&lt;a href="#" class="js-hidden rosco-LinkAudios"&gt;9&lt;/a&gt;&lt;a href="#" class="js-hidden rosco-LinkAudios"&gt;10&lt;/a&gt;&lt;a href="#" class="js-hidden rosco-LinkAudios"&gt;11&lt;/a&gt;&lt;a href="#" class="js-hidden rosco-LinkAudios"&gt;12&lt;/a&gt;&lt;a href="#" class="js-hidden rosco-LinkAudios"&gt;13&lt;/a&gt;&lt;a href="#" class="js-hidden rosco-LinkAudios"&gt;14&lt;/a&gt;&lt;a href="#" class="js-hidden rosco-LinkAudios"&gt;15&lt;/a&gt;&lt;a href="#" class="js-hidden rosco-LinkAudios"&gt;16&lt;/a&gt;&lt;a href="#" class="js-hidden rosco-LinkAudios"&gt;17&lt;/a&gt;&lt;a href="#" class="js-hidden rosco-LinkAudios"&gt;18&lt;/a&gt;&lt;a href="#" class="js-hidden rosco-LinkAudios"&gt;19&lt;/a&gt;&lt;a href="#" class="js-hidden rosco-LinkAudios"&gt;20&lt;/a&gt;&lt;a href="#" class="js-hidden rosco-LinkAudios"&gt;21&lt;/a&gt;&lt;a href="#" class="js-hidden rosco-LinkAudios"&gt;22&lt;/a&gt;&lt;a href="#" class="js-hidden rosco-LinkAudios"&gt;23&lt;/a&gt;&lt;a href="#" class="js-hidden rosco-LinkAudios"&gt;24&lt;/a&gt;&lt;a href="#" class="js-hidden rosco-LinkAudios"&gt;25&lt;/a&gt;&lt;a href="#" class="js-hidden rosco-LinkAudios"&gt;26&lt;/a&gt;&lt;div class="rosco-bns js-hidden"&gt;Su navegador no es compatible con esta herramienta.&lt;/div&gt;&lt;/div&gt;</htmlView><jsonProperties/><odeComponentsOrder>1</odeComponentsOrder><odeComponentsProperties><odeComponentsProperty><key>visibility</key><value>true</value></odeComponentsProperty><odeComponentsProperty><key>teacherOnly</key><value>false</value></odeComponentsProperty><odeComponentsProperty><key>identifier</key><value/></odeComponentsProperty><odeComponentsProperty><key>cssClass</key><value/></odeComponentsProperty></odeComponentsProperties></odeComponent></odeComponents></odePagStructure></odePagStructures></odeNavStructure><odeNavStructure><odePageId>20251210191402CCQIJW</odePageId><odeParentPageId/><pageName>ANTECESOR 1: EL SERPENTÓN</pageName><odeNavStructureOrder>3</odeNavStructureOrder><odeNavStructureProperties><odeNavStructureProperty><key>titleNode</key><value>ANTECESOR 1: EL SERPENTÓN</value></odeNavStructureProperty><odeNavStructureProperty><key>titleHtml</key><value/></odeNavStructureProperty><odeNavStructureProperty><key>editableInPage</key><value>false</value></odeNavStructureProperty><odeNavStructureProperty><key>titlePage</key><value>ANTECESOR 1: EL SERPENTÓN</value></odeNavStructureProperty><odeNavStructureProperty><key>visibility</key><value>true</value></odeNavStructureProperty><odeNavStructureProperty><key>description</key><value/></odeNavStructureProperty></odeNavStructureProperties><odePagStructures><odePagStructure><odePageId>20251210191402CCQIJW</odePageId><odeBlockId>20251210191402TKOVKI</odeBlockId><blockName>Instrumento de 6 agujeros</blockName><iconName>icon_diary</iconName><odePagStructureOrder>1</odePagStructureOrder><odePagStructureProperties><odePagStructureProperty><key>visibility</key><value>true</value></odePagStructureProperty><odePagStructureProperty><key>teacherOnly</key><value>false</value></odePagStructureProperty><odePagStructureProperty><key>allowToggle</key><value>true</value></odePagStructureProperty><odePagStructureProperty><key>minimized</key><value>false</value></odePagStructureProperty><odePagStructureProperty><key>identifier</key><value/></odePagStructureProperty><odePagStructureProperty><key>cssClass</key><value/></odePagStructureProperty></odePagStructureProperties><odeComponents><odeComponent><odePageId>20251210191402CCQIJW</odePageId><odeBlockId>20251210191402TKOVKI</odeBlockId><odeIdeviceId>20251102195553131BCU</odeIdeviceId><odeIdeviceTypeName>text</odeIdeviceTypeName><htmlView>&lt;div class="exe-text-template"&gt;&lt;div class="textIdeviceContent"&gt;
            &lt;div class="exe-text-activity"&gt;
                &lt;div&gt;&lt;p&gt;El serpentón fue creado en 1590 por Edmé Guillaume en Francia. &lt;br&gt;&lt;br&gt;Su principal función era acompañar a los coros en la interpretación del canto gregoriano, ya que su sonido se fundía muy bien con la voz humana.&lt;/p&gt;
&lt;p&gt;En aquellas iglesias donde no existía un órgano, el serpentón suplía esta carencia.&lt;/p&gt;
&lt;p&gt;Por este uso, se le conoce como serpentón de iglesia.&lt;/p&gt;&lt;p class="clearfix"&gt;&lt;/p&gt;&lt;/div&gt;
            &lt;/div&gt;&lt;/div&gt;&lt;/div&gt;</htmlView><jsonProperties>{"ideviceId":"20251102195553131BCU","textInfoDurationInput":"","textInfoDurationTextInput":"Duración","textInfoParticipantsInput":"","textInfoParticipantsTextInput":"Agrupamiento","textTextarea":"&lt;p&gt;El serpentón fue creado en 1590 por Edmé Guillaume en Francia. &lt;br /&gt;&lt;br /&gt;Su principal función era acompañar a los coros en la interpretación del canto gregoriano, ya que su sonido se fundía muy bien con la voz humana.&lt;/p&gt;\n&lt;p&gt;En aquellas iglesias donde no existía un órgano, el serpentón suplía esta carencia.&lt;/p&gt;\n&lt;p&gt;Por este uso, se le conoce como serpentón de iglesia.&lt;/p&gt;","textFeedbackInput":"Mostrar retroalimentación","textFeedbackTextarea":""}</jsonProperties><odeComponentsOrder>1</odeComponentsOrder><odeComponentsProperties><odeComponentsProperty><key>visibility</key><value>true</value></odeComponentsProperty><odeComponentsProperty><key>teacherOnly</key><value>false</value></odeComponentsProperty><odeComponentsProperty><key>identifier</key><value/></odeComponentsProperty><odeComponentsProperty><key>cssClass</key><value/></odeComponentsProperty></odeComponentsProperties></odeComponent></odeComponents></odePagStructure></odePagStructures></odeNavStructure><odeNavStructure><odePageId>20251210191402KKSPWG</odePageId><odeParentPageId/><pageName>ANTECESOR 2: EL FIGLE</pageName><odeNavStructureOrder>4</odeNavStructureOrder><odeNavStructureProperties><odeNavStructureProperty><key>titleNode</key><value>ANTECESOR 2: EL FIGLE</value></odeNavStructureProperty><odeNavStructureProperty><key>titleHtml</key><value/></odeNavStructureProperty><odeNavStructureProperty><key>editableInPage</key><value>false</value></odeNavStructureProperty><odeNavStructureProperty><key>titlePage</key><value>ANTECESOR 2: EL FIGLE</value></odeNavStructureProperty><odeNavStructureProperty><key>visibility</key><value>true</value></odeNavStructureProperty><odeNavStructureProperty><key>description</key><value/></odeNavStructureProperty></odeNavStructureProperties><odePagStructures><odePagStructure><odePageId>20251210191402KKSPWG</odePageId><odeBlockId>20251210191402HWZVIN</odeBlockId><blockName>Contexto</blockName><iconName>icon_diary</iconName><odePagStructureOrder>1</odePagStructureOrder><odePagStructureProperties><odePagStructureProperty><key>visibility</key><value>true</value></odePagStructureProperty><odePagStructureProperty><key>teacherOnly</key><value>false</value></odePagStructureProperty><odePagStructureProperty><key>allowToggle</key><value>true</value></odePagStructureProperty><odePagStructureProperty><key>minimized</key><value>false</value></odePagStructureProperty><odePagStructureProperty><key>identifier</key><value/></odePagStructureProperty><odePagStructureProperty><key>cssClass</key><value/></odePagStructureProperty></odePagStructureProperties><odeComponents><odeComponent><odePageId>20251210191402KKSPWG</odePageId><odeBlockId>20251210191402HWZVIN</odeBlockId><odeIdeviceId>20251127193040390WDS</odeIdeviceId><odeIdeviceTypeName>text</odeIdeviceTypeName><htmlView>&lt;div class="exe-text-template"&gt;&lt;div class="textIdeviceContent"&gt;
            &lt;div class="exe-text-activity"&gt;
                &lt;div&gt;&lt;p&gt;Este nuevo instrumento, denominado también ophicleide (ophi-serpiente y cleide-llaves) fue inventado en 1817 por Jean Hilaire Asté.&lt;/p&gt;
&lt;p&gt;Sustituiría al serpentón en aquellas formaciones donde se requería, pero el cercano invento de la tuba (1835), acabó dejando en desuso este instrumento.&lt;/p&gt;&lt;p class="clearfix"&gt;&lt;/p&gt;&lt;/div&gt;
            &lt;/div&gt;&lt;/div&gt;&lt;/div&gt;</htmlView><jsonProperties>{"ideviceId":"20251127193040390WDS","textInfoDurationInput":"","textInfoDurationTextInput":"Duración","textInfoParticipantsInput":"","textInfoParticipantsTextInput":"Agrupamiento","textTextarea":"&lt;p&gt;Este nuevo instrumento, denominado también ophicleide (ophi-serpiente y cleide-llaves) fue inventado en 1817 por Jean Hilaire Asté.&lt;/p&gt;\n&lt;p&gt;Sustituiría al serpentón en aquellas formaciones donde se requería, pero el cercano invento de la tuba (1835), acabó dejando en desuso este instrumento.&lt;/p&gt;","textFeedbackInput":"Mostrar retroalimentación","textFeedbackTextarea":""}</jsonProperties><odeComponentsOrder>1</odeComponentsOrder><odeComponentsProperties><odeComponentsProperty><key>visibility</key><value>true</value></odeComponentsProperty><odeComponentsProperty><key>teacherOnly</key><value>false</value></odeComponentsProperty><odeComponentsProperty><key>identifier</key><value/></odeComponentsProperty><odeComponentsProperty><key>cssClass</key><value/></odeComponentsProperty></odeComponentsProperties></odeComponent></odeComponents></odePagStructure></odePagStructures></odeNavStructure><odeNavStructure><odePageId>20251210191402XCCCMV</odePageId><odeParentPageId/><pageName>LA TUBA MODERNA</pageName><odeNavStructureOrder>5</odeNavStructureOrder><odeNavStructureProperties><odeNavStructureProperty><key>titleNode</key><value/></odeNavStructureProperty><odeNavStructureProperty><key>titleHtml</key><value/></odeNavStructureProperty><odeNavStructureProperty><key>editableInPage</key><value>false</value></odeNavStructureProperty><odeNavStructureProperty><key>titlePage</key><value>LA TUBA MODERNA</value></odeNavStructureProperty><odeNavStructureProperty><key>visibility</key><value>true</value></odeNavStructureProperty><odeNavStructureProperty><key>description</key><value/></odeNavStructureProperty></odeNavStructureProperties><odePagStructures><odePagStructure><odePageId>20251210191402XCCCMV</odePageId><odeBlockId>20251210191402UKNINA</odeBlockId><blockName>Contexto</blockName><iconName>icon_diary</iconName><odePagStructureOrder>1</odePagStructureOrder><odePagStructureProperties><odePagStructureProperty><key>visibility</key><value>true</value></odePagStructureProperty><odePagStructureProperty><key>teacherOnly</key><value>false</value></odePagStructureProperty><odePagStructureProperty><key>allowToggle</key><value>true</value></odePagStructureProperty><odePagStructureProperty><key>minimized</key><value>false</value></odePagStructureProperty><odePagStructureProperty><key>identifier</key><value/></odePagStructureProperty><odePagStructureProperty><key>cssClass</key><value/></odePagStructureProperty></odePagStructureProperties><odeComponents><odeComponent><odePageId>20251210191402XCCCMV</odePageId><odeBlockId>20251210191402UKNINA</odeBlockId><odeIdeviceId>202511021959569780IH</odeIdeviceId><odeIdeviceTypeName>text</odeIdeviceTypeName><htmlView>&lt;div class="exe-text-template"&gt;&lt;div class="textIdeviceContent"&gt;
            &lt;div class="exe-text-activity"&gt;
                &lt;div&gt;&lt;p&gt;La tuba fue creada en 1835 en Prusia por Wieprecht y Moritz.&lt;/p&gt;
&lt;p&gt;&lt;br&gt;&lt;/p&gt;&lt;p class="clearfix"&gt;&lt;/p&gt;&lt;/div&gt;
            &lt;/div&gt;&lt;/div&gt;&lt;/div&gt;</htmlView><jsonProperties>{"ideviceId":"202511021959569780IH","textInfoDurationInput":"","textInfoDurationTextInput":"Duración","textInfoParticipantsInput":"","textInfoParticipantsTextInput":"Agrupamiento","textTextarea":"&lt;p&gt;La tuba fue creada en 1835 en Prusia por Wieprecht y Moritz.&lt;/p&gt;\n&lt;p&gt;&lt;br /&gt;&lt;/p&gt;","textFeedbackInput":"Mostrar retroalimentación","textFeedbackTextarea":""}</jsonProperties><odeComponentsOrder>1</odeComponentsOrder><odeComponentsProperties><odeComponentsProperty><key>visibility</key><value>true</value></odeComponentsProperty><odeComponentsProperty><key>teacherOnly</key><value>false</value></odeComponentsProperty><odeComponentsProperty><key>identifier</key><value/></odeComponentsProperty><odeComponentsProperty><key>cssClass</key><value/></odeComponentsProperty></odeComponentsProperties></odeComponent></odeComponents></odePagStructure></odePagStructures></odeNavStructure><odeNavStructure><odePageId>20251210191402RAOEQF</odePageId><odeParentPageId/><pageName>AUTORÍA Y LICENCIA</pageName><odeNavStructureOrder>6</odeNavStructureOrder><odeNavStructureProperties><odeNavStructureProperty><key>titleNode</key><value>AUTORÍA Y LICENCIA</value></odeNavStructureProperty><odeNavStructureProperty><key>titleHtml</key><value/></odeNavStructureProperty><odeNavStructureProperty><key>editableInPage</key><value>false</value></odeNavStructureProperty><odeNavStructureProperty><key>titlePage</key><value>AUTORÍA Y LICENCIA</value></odeNavStructureProperty><odeNavStructureProperty><key>visibility</key><value>true</value></odeNavStructureProperty><odeNavStructureProperty><key>description</key><value/></odeNavStructureProperty></odeNavStructureProperties><odePagStructures><odePagStructure><odePageId>20251210191402RAOEQF</odePageId><odeBlockId>20251210191402STAFZY</odeBlockId><blockName>AUTORÍA</blockName><iconName>icon_info</iconName><odePagStructureOrder>1</odePagStructureOrder><odePagStructureProperties><odePagStructureProperty><key>visibility</key><value>true</value></odePagStructureProperty><odePagStructureProperty><key>teacherOnly</key><value>false</value></odePagStructureProperty><odePagStructureProperty><key>allowToggle</key><value>true</value></odePagStructureProperty><odePagStructureProperty><key>minimized</key><value>false</value></odePagStructureProperty><odePagStructureProperty><key>identifier</key><value/></odePagStructureProperty><odePagStructureProperty><key>cssClass</key><value/></odePagStructureProperty></odePagStructureProperties><odeComponents><odeComponent><odePageId>20251210191402RAOEQF</odePageId><odeBlockId>20251210191402STAFZY</odeBlockId><odeIdeviceId>202511021941289716ST</odeIdeviceId><odeIdeviceTypeName>text</odeIdeviceTypeName><htmlView>&lt;div class="exe-text-template"&gt;&lt;div class="textIdeviceContent"&gt;
            &lt;div class="exe-text-activity"&gt;
                &lt;div&gt;&lt;p&gt;Autor: Juan Francisco Bailón Fernández&lt;/p&gt;&lt;p class="clearfix"&gt;&lt;/p&gt;&lt;/div&gt;
            &lt;/div&gt;&lt;/div&gt;&lt;/div&gt;</htmlView><jsonProperties>{"ideviceId":"202511021941289716ST","textInfoDurationInput":"","textInfoDurationTextInput":"Duración","textInfoParticipantsInput":"","textInfoParticipantsTextInput":"Agrupamiento","textTextarea":"&lt;p&gt;Autor: Juan Francisco Bailón Fernández&lt;/p&gt;","textFeedbackInput":"Mostrar retroalimentación","textFeedbackTextarea":""}</jsonProperties><odeComponentsOrder>1</odeComponentsOrder><odeComponentsProperties><odeComponentsProperty><key>visibility</key><value>true</value></odeComponentsProperty><odeComponentsProperty><key>teacherOnly</key><value>false</value></odeComponentsProperty><odeComponentsProperty><key>identifier</key><value/></odeComponentsProperty><odeComponentsProperty><key>cssClass</key><value/></odeComponentsProperty></odeComponentsProperties></odeComponent></odeComponents></odePagStructure><odePagStructure><odePageId>20251210191402RAOEQF</odePageId><odeBlockId>20251210191402IIEOEM</odeBlockId><blockName>LICENCIA</blockName><iconName>icon_agreement</iconName><odePagStructureOrder>2</odePagStructureOrder><odePagStructureProperties><odePagStructureProperty><key>visibility</key><value>true</value></odePagStructureProperty><odePagStructureProperty><key>teacherOnly</key><value>false</value></odePagStructureProperty><odePagStructureProperty><key>allowToggle</key><value>true</value></odePagStructureProperty><odePagStructureProperty><key>minimized</key><value>false</value></odePagStructureProperty><odePagStructureProperty><key>identifier</key><value/></odePagStructureProperty><odePagStructureProperty><key>cssClass</key><value/></odePagStructureProperty></odePagStructureProperties><odeComponents><odeComponent><odePageId>20251210191402RAOEQF</odePageId><odeBlockId>20251210191402IIEOEM</odeBlockId><odeIdeviceId>20251102194140669YP8</odeIdeviceId><odeIdeviceTypeName>text</odeIdeviceTypeName><htmlView>&lt;div class="exe-text-template"&gt;&lt;div class="textIdeviceContent"&gt;
            &lt;div class="exe-text-activity"&gt;
                &lt;div&gt;&lt;p&gt;Creative Commons&lt;/p&gt;&lt;p class="clearfix"&gt;&lt;/p&gt;&lt;/div&gt;
            &lt;/div&gt;&lt;/div&gt;&lt;/div&gt;</htmlView><jsonProperties>{"ideviceId":"20251102194140669YP8","textInfoDurationInput":"","textInfoDurationTextInput":"Duración","textInfoParticipantsInput":"","textInfoParticipantsTextInput":"Agrupamiento","textTextarea":"&lt;p&gt;Creative Commons&lt;/p&gt;","textFeedbackInput":"Mostrar retroalimentación","textFeedbackTextarea":""}</jsonProperties><odeComponentsOrder>1</odeComponentsOrder><odeComponentsProperties><odeComponentsProperty><key>visibility</key><value>true</value></odeComponentsProperty><odeComponentsProperty><key>teacherOnly</key><value>false</value></odeComponentsProperty><odeComponentsProperty><key>identifier</key><value/></odeComponentsProperty><odeComponentsProperty><key>cssClass</key><value/></odeComponentsProperty></odeComponentsProperties></odeComponent></odeComponents></odePagStructure><odePagStructure><odePageId>20251210191402RAOEQF</odePageId><odeBlockId>20251210191402JTUYHU</odeBlockId><blockName>Descargar el archivo fuente</blockName><iconName/><odePagStructureOrder>3</odePagStructureOrder><odePagStructureProperties><odePagStructureProperty><key>visibility</key><value>true</value></odePagStructureProperty><odePagStructureProperty><key>teacherOnly</key><value>false</value></odePagStructureProperty><odePagStructureProperty><key>allowToggle</key><value>true</value></odePagStructureProperty><odePagStructureProperty><key>minimized</key><value>false</value></odePagStructureProperty><odePagStructureProperty><key>identifier</key><value/></odePagStructureProperty><odePagStructureProperty><key>cssClass</key><value/></odePagStructureProperty></odePagStructureProperties><odeComponents><odeComponent><odePageId>20251210191402RAOEQF</odePageId><odeBlockId>20251210191402JTUYHU</odeBlockId><odeIdeviceId>20251210185519633ZT3</odeIdeviceId><odeIdeviceTypeName>download-source-file</odeIdeviceTypeName><htmlView>&lt;div class="exe-download-package-instructions"&gt;&lt;table class="exe-table exe-package-info"&gt;&lt;caption&gt;Información general sobre este recurso educativo&lt;/caption&gt;
&lt;tbody&gt;
&lt;tr&gt;
&lt;th&gt;Título&lt;/th&gt;
&lt;td&gt;HISTORIA DE LA TUBA&lt;/td&gt;
&lt;/tr&gt;
&lt;tr&gt;
&lt;th&gt;Descripción&lt;/th&gt;
&lt;td&gt;Breve repaso a la historia de la tuba —desde la antigüedad (iniciando en los antecesores de los instrumentos de viento-metal actuales) hasta nuestra actualidad (tuba moderna)— pasando por el serpentón y el figle como antecesores directos de la tuba de hoy día.&lt;/td&gt;
&lt;/tr&gt;
&lt;tr&gt;
&lt;th&gt;Autoría&lt;/th&gt;
&lt;td&gt;Juan Francisco Bailón Fernández&lt;/td&gt;
&lt;/tr&gt;
&lt;tr&gt;
&lt;th&gt;Licencia&lt;/th&gt;
&lt;td&gt;creative commons: attribution - share alike 4.0&lt;/td&gt;
&lt;/tr&gt;
&lt;/tbody&gt;
&lt;/table&gt;
&lt;p style="text-align: center;"&gt;Este contenido fue creado con &lt;a href="http://exelearning.net/"&gt;eXeLearning&lt;/a&gt;, el editor libre y de fuente abierta diseñado para crear recursos educativos.&lt;/p&gt;&lt;/div&gt;&lt;p class="exe-download-package-link"&gt;&lt;a download="exe-package:elp-name" href="exe-package:elp" style="background-color:#107275;color:#ffffff;"&gt;Descargar el archivo .elpx&lt;/a&gt;&lt;/p&gt;</htmlView><jsonProperties/><odeComponentsOrder>1</odeComponentsOrder><odeComponentsProperties><odeComponentsProperty><key>visibility</key><value>true</value></odeComponentsProperty><odeComponentsProperty><key>teacherOnly</key><value>false</value></odeComponentsProperty><odeComponentsProperty><key>identifier</key><value/></odeComponentsProperty><odeComponentsProperty><key>cssClass</key><value/></odeComponentsProperty></odeComponentsProperties></odeComponent></odeComponents></odePagStructure></odePagStructures></odeNavStructure><odeNavStructure><odePageId>20251210191402OMOAFN</odePageId><odeParentPageId>20251210191402CCQIJW</odeParentPageId><pageName>El serpentón militar</pageName><odeNavStructureOrder>1</odeNavStructureOrder><odeNavStructureProperties><odeNavStructureProperty><key>titleNode</key><value>El serpentón militar</value></odeNavStructureProperty><odeNavStructureProperty><key>titleHtml</key><value/></odeNavStructureProperty><odeNavStructureProperty><key>editableInPage</key><value>false</value></odeNavStructureProperty><odeNavStructureProperty><key>titlePage</key><value>El serpentón militar</value></odeNavStructureProperty><odeNavStructureProperty><key>visibility</key><value>true</value></odeNavStructureProperty><odeNavStructureProperty><key>description</key><value/></odeNavStructureProperty></odeNavStructureProperties><odePagStructures><odePagStructure><odePageId>20251210191402OMOAFN</odePageId><odeBlockId>20251210191402SNFOZF</odeBlockId><blockName>Instrumento de 6 agujeros con llaves añadidas</blockName><iconName>icon_diary</iconName><odePagStructureOrder>1</odePagStructureOrder><odePagStructureProperties><odePagStructureProperty><key>visibility</key><value>true</value></odePagStructureProperty><odePagStructureProperty><key>teacherOnly</key><value>false</value></odePagStructureProperty><odePagStructureProperty><key>allowToggle</key><value>true</value></odePagStructureProperty><odePagStructureProperty><key>minimized</key><value>false</value></odePagStructureProperty><odePagStructureProperty><key>identifier</key><value/></odePagStructureProperty><odePagStructureProperty><key>cssClass</key><value/></odePagStructureProperty></odePagStructureProperties><odeComponents><odeComponent><odePageId>20251210191402OMOAFN</odePageId><odeBlockId>20251210191402SNFOZF</odeBlockId><odeIdeviceId>20251102195633294P5D</odeIdeviceId><odeIdeviceTypeName>text</odeIdeviceTypeName><htmlView>&lt;div class="exe-text-template"&gt;&lt;div class="textIdeviceContent"&gt;
            &lt;div class="exe-text-activity"&gt;
                &lt;div&gt;&lt;p&gt;El serpentón pasó a las bandas militares desempeñando el rol de instrumento bajo.&amp;nbsp;&lt;br&gt;&lt;br&gt;Los problemas de afinación del serpentón de iglesia se intentaron solucionar con la adición de llaves.&lt;/p&gt;
&lt;p&gt;También se consiguió un instrumento más reforzado estructuralmente para poder ser utilizado en desfiles.&lt;/p&gt;&lt;p class="clearfix"&gt;&lt;/p&gt;&lt;/div&gt;
            &lt;/div&gt;&lt;/div&gt;&lt;/div&gt;</htmlView><jsonProperties>{"ideviceId":"20251102195633294P5D","textInfoDurationInput":"","textInfoDurationTextInput":"Duración","textInfoParticipantsInput":"","textInfoParticipantsTextInput":"Agrupamiento","textTextarea":"&lt;p&gt;El serpentón pasó a las bandas militares desempeñando el rol de instrumento bajo. &lt;br /&gt;&lt;br /&gt;Los problemas de afinación del serpentón de iglesia se intentaron solucionar con la adición de llaves.&lt;/p&gt;\n&lt;p&gt;También se consiguió un instrumento más reforzado estructuralmente para poder ser utilizado en desfiles.&lt;/p&gt;","textFeedbackInput":"Mostrar retroalimentación","textFeedbackTextarea":""}</jsonProperties><odeComponentsOrder>1</odeComponentsOrder><odeComponentsProperties><odeComponentsProperty><key>visibility</key><value>true</value></odeComponentsProperty><odeComponentsProperty><key>teacherOnly</key><value>false</value></odeComponentsProperty><odeComponentsProperty><key>identifier</key><value/></odeComponentsProperty><odeComponentsProperty><key>cssClass</key><value/></odeComponentsProperty></odeComponentsProperties></odeComponent></odeComponents></odePagStructure></odePagStructures></odeNavStructure><odeNavStructure><odePageId>20251210191402NMLTPG</odePageId><odeParentPageId>20251210191402CCQIJW</odeParentPageId><pageName>Los serpentones rectos</pageName><odeNavStructureOrder>2</odeNavStructureOrder><odeNavStructureProperties><odeNavStructureProperty><key>titleNode</key><value>Los serpentones rectos</value></odeNavStructureProperty><odeNavStructureProperty><key>titleHtml</key><value/></odeNavStructureProperty><odeNavStructureProperty><key>editableInPage</key><value>false</value></odeNavStructureProperty><odeNavStructureProperty><key>titlePage</key><value>Los serpentones rectos</value></odeNavStructureProperty><odeNavStructureProperty><key>visibility</key><value>true</value></odeNavStructureProperty><odeNavStructureProperty><key>description</key><value/></odeNavStructureProperty></odeNavStructureProperties><odePagStructures><odePagStructure><odePageId>20251210191402NMLTPG</odePageId><odeBlockId>20251210191402CBEPFH</odeBlockId><blockName>Contexto</blockName><iconName>icon_diary</iconName><odePagStructureOrder>1</odePagStructureOrder><odePagStructureProperties><odePagStructureProperty><key>visibility</key><value>true</value></odePagStructureProperty><odePagStructureProperty><key>teacherOnly</key><value>false</value></odePagStructureProperty><odePagStructureProperty><key>allowToggle</key><value>true</value></odePagStructureProperty><odePagStructureProperty><key>minimized</key><value>false</value></odePagStructureProperty><odePagStructureProperty><key>identifier</key><value/></odePagStructureProperty><odePagStructureProperty><key>cssClass</key><value/></odePagStructureProperty></odePagStructureProperties><odeComponents><odeComponent><odePageId>20251210191402NMLTPG</odePageId><odeBlockId>20251210191402CBEPFH</odeBlockId><odeIdeviceId>20251127191457778ICV</odeIdeviceId><odeIdeviceTypeName>text</odeIdeviceTypeName><htmlView>&lt;div class="exe-text-template"&gt;&lt;div class="textIdeviceContent"&gt;
            &lt;div class="exe-text-activity"&gt;
                &lt;div&gt;&lt;p&gt;La familia del serpentón cada vez fue creciendo más debido a la búsqueda de una mejor ergonomía.&lt;/p&gt;
&lt;p&gt;De esta búsqueda surgen los llamados serpentones rectos: el fagot ruso, el ophibaryton, el english bass horn y el cimbasso.&lt;/p&gt;&lt;p class="clearfix"&gt;&lt;/p&gt;&lt;/div&gt;
            &lt;/div&gt;&lt;/div&gt;&lt;/div&gt;</htmlView><jsonProperties>{"ideviceId":"20251127191457778ICV","textInfoDurationInput":"","textInfoDurationTextInput":"Duración","textInfoParticipantsInput":"","textInfoParticipantsTextInput":"Agrupamiento","textTextarea":"&lt;p&gt;La familia del serpentón cada vez fue creciendo más debido a la búsqueda de una mejor ergonomía.&lt;/p&gt;\n&lt;p&gt;De esta búsqueda surgen los llamados serpentones rectos: el fagot ruso, el ophibaryton, el english bass horn y el cimbasso.&lt;/p&gt;","textFeedbackInput":"Mostrar retroalimentación","textFeedbackTextarea":""}</jsonProperties><odeComponentsOrder>1</odeComponentsOrder><odeComponentsProperties><odeComponentsProperty><key>visibility</key><value>true</value></odeComponentsProperty><odeComponentsProperty><key>teacherOnly</key><value>false</value></odeComponentsProperty><odeComponentsProperty><key>identifier</key><value/></odeComponentsProperty><odeComponentsProperty><key>cssClass</key><value/></odeComponentsProperty></odeComponentsProperties></odeComponent></odeComponents></odePagStructure><odePagStructure><odePageId>20251210191402NMLTPG</odePageId><odeBlockId>20251210191402MSMZCD</odeBlockId><blockName>Formulario</blockName><iconName>icon_question</iconName><odePagStructureOrder>2</odePagStructureOrder><odePagStructureProperties><odePagStructureProperty><key>visibility</key><value>true</value></odePagStructureProperty><odePagStructureProperty><key>teacherOnly</key><value>false</value></odePagStructureProperty><odePagStructureProperty><key>allowToggle</key><value>true</value></odePagStructureProperty><odePagStructureProperty><key>minimized</key><value>false</value></odePagStructureProperty><odePagStructureProperty><key>identifier</key><value/></odePagStructureProperty><odePagStructureProperty><key>cssClass</key><value/></odePagStructureProperty></odePagStructureProperties><odeComponents><odeComponent><odePageId>20251210191402NMLTPG</odePageId><odeBlockId>20251210191402MSMZCD</odeBlockId><odeIdeviceId>20251102195654245XD2</odeIdeviceId><odeIdeviceTypeName>form</odeIdeviceTypeName><htmlView>&lt;div class="exe-form-container"&gt;&lt;div class="game-evaluation-ids js-hidden" data-id="20251102195654245XD2" data-evaluationb="false" data-evaluationid="20251102180345PCZLPW"&gt;&lt;/div&gt;

            &lt;div id="frmMainContainer-20251102195654245XD2" class="form-IDevice" data-id="20251102195654245XD2"&gt;
                &lt;div class="form-Data js-hidden"&gt;{}&lt;/div&gt;
                &lt;div class="form-instructions"&gt;&lt;p&gt;Responde a las preguntas del cuestionario&lt;/p&gt;&lt;/div&gt;
                &lt;div class="FRMP-GameScoreBoard" style="display:none;"&gt;
                    &lt;div&gt;
                        &lt;strong&gt;&lt;span class="sr-av"&gt;Tiempo por pregunta:&lt;/span&gt;&lt;/strong&gt;
                        &lt;span id="frmPTime-20251102195654245XD2"&gt;00:00&lt;/span&gt;
                    &lt;/div&gt;
                &lt;/div&gt;
                &lt;div class="FRMP-StartGame" id="frmStartGameDiv-20251102195654245XD2" style="display:none;"&gt;
                      &lt;button  id="frmStartGame-20251102195654245XD2" type="button" class="btn btn-primary"&gt;Pulse aquí para empezar&lt;/button&gt;
                &lt;/div&gt;
                &lt;div class="form-body" id="frmBody-20251102195654245XD2" style="display:block;"&gt;
                    &lt;div class="FRMP-Questions"&gt;
                        &lt;div id="form-questions-20251102195654245XD2" &gt; &lt;/div&gt;
                        &lt;div id="frmCover-20251102195654245XD2" class="FRMP-Cover"&gt; &lt;/div&gt;
                    &lt;/div&gt;
                    
                    &lt;div id="resultsContainer-20251102195654245XD2" class="form-results-container inline"&gt;
                        &lt;div id="form-score-20251102195654245XD2" class="score-text"&gt;Puntuación.&lt;/div&gt;
                        &lt;div id="form-result-test-20251102195654245XD2" class="score-text phrase-score"&gt;&lt;/div&gt;
                    &lt;/div&gt;
                    &lt;div class="form-buttons-container inline"&gt;
                        &lt;input id="form-button-check-20251102195654245XD2" class="btn btn-primary" type="button" value="Comprobar"
                            data-id="20251102195654245XD2" data-pass-rate="" /&gt;
                        &lt;input id="form-button-reset-20251102195654245XD2" type="button" value="Reiniciar"
                            data-id="20251102195654245XD2" class="btn btn-primary"  style="display:none" /&gt;
                        &lt;input id="form-button-show-answers-20251102195654245XD2" class="btn btn-primary" type="button" value="Mostrar respuestas"
                            data-id="20251102195654245XD2" style="display: " /&gt;
                    &lt;/div&gt;
                &lt;/div&gt;
                &lt;div class="Games-BottonContainer"&gt;
                    &lt;div class="Games-GetScore"&gt;
                        &lt;input id="frmPSendScore-20251102195654245XD2" type="button" value="Guardar la puntuación" class="feedbackbutton Games-SendScore" style="display:none"/&gt; &lt;span class="Games-RepeatActivity"&gt;&lt;/span&gt;
                    &lt;/div&gt;
                &lt;/div&gt;
                &lt;div class="form-instructions"&gt;&lt;/div&gt;
            &lt;/div&gt;
            &lt;div class="questionsMedia" style="display:none"&gt;&lt;/div&gt;
            
            &lt;/div&gt;</htmlView><jsonProperties>{"ideviceId":"20251102195654245XD2","evaluation":false,"evaluationID":"20251102180345PCZLPW","repeatActivity":true,"isScorm":0,"textButtonScorm":"Guardar la puntuación","weighted":100,"msgs":{"msgScoreScorm":"La puntuación no se puede guardar porque esta página no forma parte  de un paquete SCORM.","msgYouScore":"Tu puntuación es","msgScore":"Puntuación","msgWeight":"Weight","msgYouLastScore":"La última puntuación guardada es","msgOnlySaveScore":"¡Solo puede guardar la puntuación una vez!","msgOnlySave":"Solo puede guardar una vez","msgOnlySaveAuto":"Su puntuación se guardará después de cada pregunta. Solo puede jugar una vez.","msgSaveAuto":"Su puntuación se guardará automáticamente después de cada pregunta.","msgSeveralScore":"Puede guardar la puntuación tantas veces como quiera","msgPlaySeveralTimes":"Puede realizar esta actividad cuantas veces quiera","msgActityComply":"Ya ha realizado esta actividad.","msgUncompletedActivity":"Actividad no completada","msgSuccessfulActivity":"Actividad superada. Puntuación: %s","msgUnsuccessfulActivity":"Actividad no superada. Puntuación: %s","msgTypeGame":"Formulario","msgStartGame":"Pulse aquí para empezar","msgTime":"Tiempo por pregunta","msgSaveScore":"Guardar la puntuación","msgResult":"Resultado","msgCheck":"Comprobar","msgReset":"Reiniciar","msgShowAnswers":"Mostrar respuestas","msgTestResultPass":"¡Felicidades! Has pasado la prueba","msgTestResultNotPass":"Lo siento. Has fallado la prueba","msgTrueFalseHelp":"Di si la afirmación es verdadera o falsa","msgDropdownHelp":"Elige la respuesta correcta entre las opciones propuestas","msgFillHelp":"Rellena los espacios en blanco con la palabra apropiada","msgSingleSelectionHelp":"Opción múltiple con solo una respuesta correcta","msgMultipleSelectionHelp":"Opción múltiple con varias respuestas correctas","msgPlayStart":"Pulse aquí para empezar","msgTrue":"Verdadero","msgFalse":"Falso","msgNext":"Siguiente","msgPrevious":"Anterior"},"id":"20251102195654245XD2","questionsRandom":false,"percentageQuestions":"100","time":"0","eXeFormInstructions":"&lt;p&gt;Responde a las preguntas del cuestionario&lt;/p&gt;","questionsData":[{"activityType":"true-false","baseText":"&lt;p&gt;El serpentón militar no tiene agujeros&lt;/p&gt;","answer":"0"},{"activityType":"true-false","baseText":"&lt;p&gt;El serpentón tiene 6 agujeros&lt;/p&gt;","answer":"1"}],"passRate":5,"addBtnAnswers":true,"eXeIdeviceTextAfter":"","showSlider":false}</jsonProperties><odeComponentsOrder>1</odeComponentsOrder><odeComponentsProperties><odeComponentsProperty><key>visibility</key><value>true</value></odeComponentsProperty><odeComponentsProperty><key>teacherOnly</key><value>false</value></odeComponentsProperty><odeComponentsProperty><key>identifier</key><value/></odeComponentsProperty><odeComponentsProperty><key>cssClass</key><value/></odeComponentsProperty></odeComponentsProperties></odeComponent></odeComponents></odePagStructure></odePagStructures></odeNavStructure><odeNavStructure><odePageId>20251210191402ESLJFL</odePageId><odeParentPageId>20251210191402XCCCMV</odeParentPageId><pageName>La invención de la válvula</pageName><odeNavStructureOrder>1</odeNavStructureOrder><odeNavStructureProperties><odeNavStructureProperty><key>titleNode</key><value>La invención de la válvula</value></odeNavStructureProperty><odeNavStructureProperty><key>titleHtml</key><value/></odeNavStructureProperty><odeNavStructureProperty><key>editableInPage</key><value>false</value></odeNavStructureProperty><odeNavStructureProperty><key>titlePage</key><value>La invención de la válvula</value></odeNavStructureProperty><odeNavStructureProperty><key>visibility</key><value>true</value></odeNavStructureProperty><odeNavStructureProperty><key>description</key><value/></odeNavStructureProperty></odeNavStructureProperties><odePagStructures><odePagStructure><odePageId>20251210191402ESLJFL</odePageId><odeBlockId>20251210191402ZPFKLA</odeBlockId><blockName>De las llaves a la válvula</blockName><iconName>icon_diary</iconName><odePagStructureOrder>1</odePagStructureOrder><odePagStructureProperties><odePagStructureProperty><key>visibility</key><value>true</value></odePagStructureProperty><odePagStructureProperty><key>teacherOnly</key><value>false</value></odePagStructureProperty><odePagStructureProperty><key>allowToggle</key><value>true</value></odePagStructureProperty><odePagStructureProperty><key>minimized</key><value>false</value></odePagStructureProperty><odePagStructureProperty><key>identifier</key><value/></odePagStructureProperty><odePagStructureProperty><key>cssClass</key><value/></odePagStructureProperty></odePagStructureProperties><odeComponents><odeComponent><odePageId>20251210191402ESLJFL</odePageId><odeBlockId>20251210191402ZPFKLA</odeBlockId><odeIdeviceId>2025110220000351497U</odeIdeviceId><odeIdeviceTypeName>text</odeIdeviceTypeName><htmlView>&lt;div class="exe-text-template"&gt;&lt;div class="textIdeviceContent"&gt;
            &lt;div class="exe-text-activity"&gt;
                &lt;div&gt;&lt;p&gt;Existen dos tipos de válvula: el pistón y el cilindro.&lt;/p&gt;
&lt;p&gt;Sobre la invención del pistón, unos autores lo atribuyen a Heinrich Stölzel; otros consideran autor del invento a Blühmel.&amp;nbsp;&lt;/p&gt;
&lt;p&gt;El cilindro fue inventado por Kail y Riedl.&lt;br&gt;&lt;/p&gt;&lt;p class="clearfix"&gt;&lt;/p&gt;&lt;/div&gt;
            &lt;/div&gt;&lt;/div&gt;&lt;/div&gt;</htmlView><jsonProperties>{"ideviceId":"2025110220000351497U","textInfoDurationInput":"","textInfoDurationTextInput":"Duración","textInfoParticipantsInput":"","textInfoParticipantsTextInput":"Agrupamiento","textTextarea":"&lt;p&gt;Existen dos tipos de válvula: el pistón y el cilindro.&lt;/p&gt;\n&lt;p&gt;Sobre la invención del pistón, unos autores lo atribuyen a Heinrich Stölzel; otros consideran autor del invento a Blühmel. &lt;/p&gt;\n&lt;p&gt;El cilindro fue inventado por Kail y Riedl.&lt;br /&gt;&lt;/p&gt;","textFeedbackInput":"Mostrar retroalimentación","textFeedbackTextarea":""}</jsonProperties><odeComponentsOrder>1</odeComponentsOrder><odeComponentsProperties><odeComponentsProperty><key>visibility</key><value>true</value></odeComponentsProperty><odeComponentsProperty><key>teacherOnly</key><value>false</value></odeComponentsProperty><odeComponentsProperty><key>identifier</key><value/></odeComponentsProperty><odeComponentsProperty><key>cssClass</key><value/></odeComponentsProperty></odeComponentsProperties></odeComponent></odeComponents></odePagStructure></odePagStructures></odeNavStructure><odeNavStructure><odePageId>20251210191402STEDVS</odePageId><odeParentPageId>20251210191402XCCCMV</odeParentPageId><pageName>La familia de la tuba moderna</pageName><odeNavStructureOrder>2</odeNavStructureOrder><odeNavStructureProperties><odeNavStructureProperty><key>titleNode</key><value>La familia de la tuba moderna</value></odeNavStructureProperty><odeNavStructureProperty><key>titleHtml</key><value/></odeNavStructureProperty><odeNavStructureProperty><key>editableInPage</key><value>false</value></odeNavStructureProperty><odeNavStructureProperty><key>titlePage</key><value>La familia de la tuba moderna</value></odeNavStructureProperty><odeNavStructureProperty><key>visibility</key><value>true</value></odeNavStructureProperty><odeNavStructureProperty><key>description</key><value/></odeNavStructureProperty></odeNavStructureProperties><odePagStructures><odePagStructure><odePageId>20251210191402STEDVS</odePageId><odeBlockId>20251210191402KBYCRB</odeBlockId><blockName>Diferentes afinaciones</blockName><iconName>icon_diary</iconName><odePagStructureOrder>1</odePagStructureOrder><odePagStructureProperties><odePagStructureProperty><key>visibility</key><value>true</value></odePagStructureProperty><odePagStructureProperty><key>teacherOnly</key><value>false</value></odePagStructureProperty><odePagStructureProperty><key>allowToggle</key><value>true</value></odePagStructureProperty><odePagStructureProperty><key>minimized</key><value>false</value></odePagStructureProperty><odePagStructureProperty><key>identifier</key><value/></odePagStructureProperty><odePagStructureProperty><key>cssClass</key><value/></odePagStructureProperty></odePagStructureProperties><odeComponents><odeComponent><odePageId>20251210191402STEDVS</odePageId><odeBlockId>20251210191402KBYCRB</odeBlockId><odeIdeviceId>20251102200007929CDV</odeIdeviceId><odeIdeviceTypeName>text</odeIdeviceTypeName><htmlView>&lt;div class="exe-text-template"&gt;&lt;div class="textIdeviceContent"&gt;
            &lt;div class="exe-text-activity"&gt;
                &lt;div&gt;&lt;p&gt;Sus afinaciones son: Fa, Mib, Sib y Do.&lt;/p&gt;&lt;p class="clearfix"&gt;&lt;/p&gt;&lt;/div&gt;
            &lt;/div&gt;&lt;/div&gt;&lt;/div&gt;</htmlView><jsonProperties>{"ideviceId":"20251102200007929CDV","textInfoDurationInput":"","textInfoDurationTextInput":"Duración","textInfoParticipantsInput":"","textInfoParticipantsTextInput":"Agrupamiento","textTextarea":"&lt;p&gt;Sus afinaciones son: Fa, Mib, Sib y Do.&lt;/p&gt;","textFeedbackInput":"Mostrar retroalimentación","textFeedbackTextarea":""}</jsonProperties><odeComponentsOrder>1</odeComponentsOrder><odeComponentsProperties><odeComponentsProperty><key>visibility</key><value>true</value></odeComponentsProperty><odeComponentsProperty><key>teacherOnly</key><value>false</value></odeComponentsProperty><odeComponentsProperty><key>identifier</key><value/></odeComponentsProperty><odeComponentsProperty><key>cssClass</key><value/></odeComponentsProperty></odeComponentsProperties></odeComponent></odeComponents></odePagStructure></odePagStructures></odeNavStructure></odeNavStructures></ode>
